category,subcategory,기준년도,year,freq
합계,합계,발생건수,1998,239721
합계,합계,사망자수,1998,9057
합계,합계,부상자수,1998,340564
차대사람,합계,발생건수,1998,70631
차대사람,합계,사망자수,1998,3495
차대사람,합계,부상자수,1998,71973
차대사람,마주보고통행중,발생건수,1998,532
차대사람,마주보고통행중,사망자수,1998,33
차대사람,마주보고통행중,부상자수,1998,540
차대사람,등지고통행중,발생건수,1998,1227
차대사람,등지고통행중,사망자수,1998,60
차대사람,등지고통행중,부상자수,1998,1265
차대사람,횡단보도횡단중,발생건수,1998,6057
차대사람,횡단보도횡단중,사망자수,1998,247
차대사람,횡단보도횡단중,부상자수,1998,6354
차대사람,횡단보도부근횡단중,발생건수,1998,1107
차대사람,횡단보도부근횡단중,사망자수,1998,70
차대사람,횡단보도부근횡단중,부상자수,1998,1126
차대사람,육교부근횡단중,발생건수,1998,253
차대사람,육교부근횡단중,사망자수,1998,28
차대사람,육교부근횡단중,부상자수,1998,249
차대사람,기타횡단중,발생건수,1998,22948
차대사람,기타횡단중,사망자수,1998,1307
차대사람,기타횡단중,부상자수,1998,22801
차대사람,노상유희중,발생건수,1998,1024
차대사람,노상유희중,사망자수,1998,45
차대사람,노상유희중,부상자수,1998,1053
차대사람,노상작업중,발생건수,1998,226
차대사람,노상작업중,사망자수,1998,25
차대사람,노상작업중,부상자수,1998,230
차대사람,길가장자리정지중,발생건수,1998,789
차대사람,길가장자리정지중,사망자수,1998,55
차대사람,길가장자리정지중,부상자수,1998,833
차대사람,보도통행중,발생건수,1998,531
차대사람,보도통행중,사망자수,1998,32
차대사람,보도통행중,부상자수,1998,588
차대사람,길가장자리구역통행중,발생건수,1998,1865
차대사람,길가장자리구역통행중,사망자수,1998,132
차대사람,길가장자리구역통행중,부상자수,1998,1911
차대사람,[차대사람]기타,발생건수,1998,34072
차대사람,[차대사람]기타,사망자수,1998,1461
차대사람,[차대사람]기타,부상자수,1998,35023
차대차,합계,발생건수,1998,158732
차대차,합계,사망자수,1998,3593
차대차,합계,부상자수,1998,254234
차대차,[정면충돌]앞지르기할때,발생건수,1998,393
차대차,[정면충돌]앞지르기할때,사망자수,1998,62
차대차,[정면충돌]앞지르기할때,부상자수,1998,830
차대차,[정면충돌]기타,발생건수,1998,4562
차대차,[정면충돌]기타,사망자수,1998,492
차대차,[정면충돌]기타,부상자수,1998,8938
차대차,[추돌]진행중,발생건수,1998,36436
차대차,[추돌]진행중,사망자수,1998,646
차대차,[추돌]진행중,부상자수,1998,60129
차대차,[추돌]주정차중,발생건수,1998,15284
차대차,[추돌]주정차중,사망자수,1998,186
차대차,[추돌]주정차중,부상자수,1998,27482
차대차,전측면,발생건수,1998,8206
차대차,전측면,사망자수,1998,156
차대차,전측면,부상자수,1998,12559
차대차,앞지르기할때,발생건수,1998,1693
차대차,앞지르기할때,사망자수,1998,71
차대차,앞지르기할때,부상자수,1998,2572
차대차,회전시,발생건수,1998,2443
차대차,회전시,사망자수,1998,27
차대차,회전시,부상자수,1998,3695
차대차,후진시,발생건수,1998,912
차대차,후진시,사망자수,1998,7
차대차,후진시,부상자수,1998,1168
차대차,진로변경시,발생건수,1998,6396
차대차,진로변경시,사망자수,1998,93
차대차,진로변경시,부상자수,1998,9481
차대차,교행시,발생건수,1998,10670
차대차,교행시,사망자수,1998,315
차대차,교행시,부상자수,1998,17062
차대차,좌회전시,발생건수,1998,6962
차대차,좌회전시,사망자수,1998,98
차대차,좌회전시,부상자수,1998,10312
차대차,우회전시,발생건수,1998,3360
차대차,우회전시,사망자수,1998,36
차대차,우회전시,부상자수,1998,4698
차대차,[차대차]기타,발생건수,1998,61415
차대차,[차대차]기타,사망자수,1998,1404
차대차,[차대차]기타,부상자수,1998,95308
차량단독,합계,발생건수,1998,10318
차량단독,합계,사망자수,1998,1949
차량단독,합계,부상자수,1998,14306
차량단독,전주,발생건수,1998,645
차량단독,전주,사망자수,1998,194
차량단독,전주,부상자수,1998,913
차량단독,표지,발생건수,1998,143
차량단독,표지,사망자수,1998,39
차량단독,표지,부상자수,1998,199
차량단독,분리대안전섬,발생건수,1998,301
차량단독,분리대안전섬,사망자수,1998,55
차량단독,분리대안전섬,부상자수,1998,405
차량단독,방책등,발생건수,1998,385
차량단독,방책등,사망자수,1998,83
차량단독,방책등,부상자수,1998,587
차량단독,가옥.담장,발생건수,1998,191
차량단독,가옥.담장,사망자수,1998,30
차량단독,가옥.담장,부상자수,1998,269
차량단독,교량(교각),발생건수,1998,258
차량단독,교량(교각),사망자수,1998,92
차량단독,교량(교각),부상자수,1998,360
차량단독,[공장물충돌]기타,발생건수,1998,1646
차량단독,[공장물충돌]기타,사망자수,1998,331
차량단독,[공장물충돌]기타,부상자수,1998,2322
차량단독,[도로이탈]추락,발생건수,1998,997
차량단독,[도로이탈]추락,사망자수,1998,327
차량단독,[도로이탈]추락,부상자수,1998,1474
차량단독,[도로이탈]기타,발생건수,1998,1056
차량단독,[도로이탈]기타,사망자수,1998,165
차량단독,[도로이탈]기타,부상자수,1998,1572
차량단독,주차차량충돌(운전자부재),발생건수,1998,196
차량단독,주차차량충돌(운전자부재),사망자수,1998,38
차량단독,주차차량충돌(운전자부재),부상자수,1998,232
차량단독,전도,발생건수,1998,682
차량단독,전도,사망자수,1998,104
차량단독,전도,부상자수,1998,1109
차량단독,[차량단독]기타,발생건수,1998,3818
차량단독,[차량단독]기타,사망자수,1998,491
차량단독,[차량단독]기타,부상자수,1998,4864
차대열차,합계,발생건수,1998,40
차대열차,합계,사망자수,1998,20
차대열차,합계,부상자수,1998,51
철길건널목,철길건널목,발생건수,1998,40
철길건널목,철길건널목,사망자수,1998,20
철길건널목,철길건널목,부상자수,1998,51
합계,합계,발생건수,1999,275938
합계,합계,사망자수,1999,9353
합계,합계,부상자수,1999,402967
차대사람,합계,발생건수,1999,74527
차대사람,합계,사망자수,1999,3692
차대사람,합계,부상자수,1999,76512
차대사람,마주보고통행중,발생건수,1999,568
차대사람,마주보고통행중,사망자수,1999,34
차대사람,마주보고통행중,부상자수,1999,586
차대사람,등지고통행중,발생건수,1999,1379
차대사람,등지고통행중,사망자수,1999,80
차대사람,등지고통행중,부상자수,1999,1397
차대사람,횡단보도횡단중,발생건수,1999,6284
차대사람,횡단보도횡단중,사망자수,1999,289
차대사람,횡단보도횡단중,부상자수,1999,6498
차대사람,횡단보도부근횡단중,발생건수,1999,1462
차대사람,횡단보도부근횡단중,사망자수,1999,77
차대사람,횡단보도부근횡단중,부상자수,1999,1523
차대사람,육교부근횡단중,발생건수,1999,287
차대사람,육교부근횡단중,사망자수,1999,29
차대사람,육교부근횡단중,부상자수,1999,308
차대사람,기타횡단중,발생건수,1999,23026
차대사람,기타횡단중,사망자수,1999,1359
차대사람,기타횡단중,부상자수,1999,23057
차대사람,노상유희중,발생건수,1999,1190
차대사람,노상유희중,사망자수,1999,62
차대사람,노상유희중,부상자수,1999,1220
차대사람,노상작업중,발생건수,1999,215
차대사람,노상작업중,사망자수,1999,9
차대사람,노상작업중,부상자수,1999,233
차대사람,길가장자리정지중,발생건수,1999,743
차대사람,길가장자리정지중,사망자수,1999,35
차대사람,길가장자리정지중,부상자수,1999,803
차대사람,보도통행중,발생건수,1999,730
차대사람,보도통행중,사망자수,1999,25
차대사람,보도통행중,부상자수,1999,757
차대사람,길가장자리구역통행중,발생건수,1999,1670
차대사람,길가장자리구역통행중,사망자수,1999,109
차대사람,길가장자리구역통행중,부상자수,1999,1725
차대사람,[차대사람]기타,발생건수,1999,36973
차대사람,[차대사람]기타,사망자수,1999,1584
차대사람,[차대사람]기타,부상자수,1999,38405
차대차,합계,발생건수,1999,190437
차대차,합계,사망자수,1999,3788
차대차,합계,부상자수,1999,311040
차대차,[정면충돌]앞지르기할때,발생건수,1999,438
차대차,[정면충돌]앞지르기할때,사망자수,1999,61
차대차,[정면충돌]앞지르기할때,부상자수,1999,868
차대차,[정면충돌]기타,발생건수,1999,4517
차대차,[정면충돌]기타,사망자수,1999,469
차대차,[정면충돌]기타,부상자수,1999,8756
차대차,[추돌]진행중,발생건수,1999,45833
차대차,[추돌]진행중,사망자수,1999,810
차대차,[추돌]진행중,부상자수,1999,78533
차대차,[추돌]주정차중,발생건수,1999,16202
차대차,[추돌]주정차중,사망자수,1999,182
차대차,[추돌]주정차중,부상자수,1999,29396
차대차,전측면,발생건수,1999,8654
차대차,전측면,사망자수,1999,153
차대차,전측면,부상자수,1999,13318
차대차,앞지르기할때,발생건수,1999,1943
차대차,앞지르기할때,사망자수,1999,72
차대차,앞지르기할때,부상자수,1999,3083
차대차,회전시,발생건수,1999,2948
차대차,회전시,사망자수,1999,35
차대차,회전시,부상자수,1999,4536
차대차,후진시,발생건수,1999,1041
차대차,후진시,사망자수,1999,7
차대차,후진시,부상자수,1999,1365
차대차,진로변경시,발생건수,1999,8214
차대차,진로변경시,사망자수,1999,69
차대차,진로변경시,부상자수,1999,12274
차대차,교행시,발생건수,1999,14625
차대차,교행시,사망자수,1999,315
차대차,교행시,부상자수,1999,23606
차대차,좌회전시,발생건수,1999,7805
차대차,좌회전시,사망자수,1999,104
차대차,좌회전시,부상자수,1999,11767
차대차,우회전시,발생건수,1999,4153
차대차,우회전시,사망자수,1999,32
차대차,우회전시,부상자수,1999,5858
차대차,[차대차]기타,발생건수,1999,74064
차대차,[차대차]기타,사망자수,1999,1479
차대차,[차대차]기타,부상자수,1999,117680
차량단독,합계,발생건수,1999,10943
차량단독,합계,사망자수,1999,1855
차량단독,합계,부상자수,1999,15380
차량단독,전주,발생건수,1999,693
차량단독,전주,사망자수,1999,201
차량단독,전주,부상자수,1999,947
차량단독,표지,발생건수,1999,156
차량단독,표지,사망자수,1999,21
차량단독,표지,부상자수,1999,214
차량단독,분리대안전섬,발생건수,1999,303
차량단독,분리대안전섬,사망자수,1999,73
차량단독,분리대안전섬,부상자수,1999,443
차량단독,방책등,발생건수,1999,450
차량단독,방책등,사망자수,1999,80
차량단독,방책등,부상자수,1999,684
차량단독,가옥.담장,발생건수,1999,231
차량단독,가옥.담장,사망자수,1999,44
차량단독,가옥.담장,부상자수,1999,319
차량단독,교량(교각),발생건수,1999,274
차량단독,교량(교각),사망자수,1999,70
차량단독,교량(교각),부상자수,1999,404
차량단독,[공장물충돌]기타,발생건수,1999,1911
차량단독,[공장물충돌]기타,사망자수,1999,345
차량단독,[공장물충돌]기타,부상자수,1999,2684
차량단독,[도로이탈]추락,발생건수,1999,956
차량단독,[도로이탈]추락,사망자수,1999,307
차량단독,[도로이탈]추락,부상자수,1999,1602
차량단독,[도로이탈]기타,발생건수,1999,1027
차량단독,[도로이탈]기타,사망자수,1999,149
차량단독,[도로이탈]기타,부상자수,1999,1608
차량단독,주차차량충돌(운전자부재),발생건수,1999,204
차량단독,주차차량충돌(운전자부재),사망자수,1999,30
차량단독,주차차량충돌(운전자부재),부상자수,1999,239
차량단독,전도,발생건수,1999,753
차량단독,전도,사망자수,1999,88
차량단독,전도,부상자수,1999,1110
차량단독,[차량단독]기타,발생건수,1999,3985
차량단독,[차량단독]기타,사망자수,1999,447
차량단독,[차량단독]기타,부상자수,1999,5126
차대열차,합계,발생건수,1999,31
차대열차,합계,사망자수,1999,18
차대열차,합계,부상자수,1999,35
철길건널목,철길건널목,발생건수,1999,31
철길건널목,철길건널목,사망자수,1999,18
철길건널목,철길건널목,부상자수,1999,35
합계,합계,발생건수,2000,290481
합계,합계,사망자수,2000,10236
합계,합계,부상자수,2000,426984
차대사람,합계,발생건수,2000,72932
차대사람,합계,사망자수,2000,3890
차대사람,합계,부상자수,2000,74102
차대사람,마주보고통행중,발생건수,2000,570
차대사람,마주보고통행중,사망자수,2000,49
차대사람,마주보고통행중,부상자수,2000,580
차대사람,등지고통행중,발생건수,2000,1061
차대사람,등지고통행중,사망자수,2000,84
차대사람,등지고통행중,부상자수,2000,1038
차대사람,횡단보도횡단중,발생건수,2000,6102
차대사람,횡단보도횡단중,사망자수,2000,324
차대사람,횡단보도횡단중,부상자수,2000,6268
차대사람,횡단보도부근횡단중,발생건수,2000,2051
차대사람,횡단보도부근횡단중,사망자수,2000,117
차대사람,횡단보도부근횡단중,부상자수,2000,2038
차대사람,육교부근횡단중,발생건수,2000,250
차대사람,육교부근횡단중,사망자수,2000,37
차대사람,육교부근횡단중,부상자수,2000,245
차대사람,기타횡단중,발생건수,2000,21273
차대사람,기타횡단중,사망자수,2000,1341
차대사람,기타횡단중,부상자수,2000,21160
차대사람,노상유희중,발생건수,2000,1484
차대사람,노상유희중,사망자수,2000,68
차대사람,노상유희중,부상자수,2000,1553
차대사람,노상작업중,발생건수,2000,349
차대사람,노상작업중,사망자수,2000,22
차대사람,노상작업중,부상자수,2000,357
차대사람,길가장자리정지중,발생건수,2000,904
차대사람,길가장자리정지중,사망자수,2000,51
차대사람,길가장자리정지중,부상자수,2000,951
차대사람,보도통행중,발생건수,2000,740
차대사람,보도통행중,사망자수,2000,36
차대사람,보도통행중,부상자수,2000,811
차대사람,길가장자리구역통행중,발생건수,2000,1899
차대사람,길가장자리구역통행중,사망자수,2000,143
차대사람,길가장자리구역통행중,부상자수,2000,1899
차대사람,[차대사람]기타,발생건수,2000,36249
차대사람,[차대사람]기타,사망자수,2000,1618
차대사람,[차대사람]기타,부상자수,2000,37202
차대차,합계,발생건수,2000,206971
차대차,합계,사망자수,2000,4208
차대차,합계,부상자수,2000,338428
차대차,[정면충돌]앞지르기할때,발생건수,2000,499
차대차,[정면충돌]앞지르기할때,사망자수,2000,46
차대차,[정면충돌]앞지르기할때,부상자수,2000,979
차대차,[정면충돌]기타,발생건수,2000,5453
차대차,[정면충돌]기타,사망자수,2000,524
차대차,[정면충돌]기타,부상자수,2000,10774
차대차,[추돌]진행중,발생건수,2000,47793
차대차,[추돌]진행중,사망자수,2000,863
차대차,[추돌]진행중,부상자수,2000,80657
차대차,[추돌]주정차중,발생건수,2000,15184
차대차,[추돌]주정차중,사망자수,2000,211
차대차,[추돌]주정차중,부상자수,2000,28621
차대차,전측면,발생건수,2000,8945
차대차,전측면,사망자수,2000,176
차대차,전측면,부상자수,2000,14356
차대차,앞지르기할때,발생건수,2000,1997
차대차,앞지르기할때,사망자수,2000,72
차대차,앞지르기할때,부상자수,2000,3019
차대차,회전시,발생건수,2000,2938
차대차,회전시,사망자수,2000,26
차대차,회전시,부상자수,2000,4412
차대차,후진시,발생건수,2000,1272
차대차,후진시,사망자수,2000,17
차대차,후진시,부상자수,2000,1696
차대차,진로변경시,발생건수,2000,8470
차대차,진로변경시,사망자수,2000,101
차대차,진로변경시,부상자수,2000,12917
차대차,교행시,발생건수,2000,19055
차대차,교행시,사망자수,2000,434
차대차,교행시,부상자수,2000,31212
차대차,좌회전시,발생건수,2000,7485
차대차,좌회전시,사망자수,2000,127
차대차,좌회전시,부상자수,2000,11578
차대차,우회전시,발생건수,2000,4443
차대차,우회전시,사망자수,2000,46
차대차,우회전시,부상자수,2000,6307
차대차,[차대차]기타,발생건수,2000,83437
차대차,[차대차]기타,사망자수,2000,1565
차대차,[차대차]기타,부상자수,2000,131900
차량단독,합계,발생건수,2000,10569
차량단독,합계,사망자수,2000,2135
차량단독,합계,부상자수,2000,14446
차량단독,전주,발생건수,2000,689
차량단독,전주,사망자수,2000,206
차량단독,전주,부상자수,2000,958
차량단독,표지,발생건수,2000,149
차량단독,표지,사망자수,2000,32
차량단독,표지,부상자수,2000,225
차량단독,분리대안전섬,발생건수,2000,361
차량단독,분리대안전섬,사망자수,2000,94
차량단독,분리대안전섬,부상자수,2000,480
차량단독,방책등,발생건수,2000,393
차량단독,방책등,사망자수,2000,102
차량단독,방책등,부상자수,2000,534
차량단독,가옥.담장,발생건수,2000,209
차량단독,가옥.담장,사망자수,2000,39
차량단독,가옥.담장,부상자수,2000,278
차량단독,교량(교각),발생건수,2000,287
차량단독,교량(교각),사망자수,2000,91
차량단독,교량(교각),부상자수,2000,377
차량단독,[공장물충돌]기타,발생건수,2000,1771
차량단독,[공장물충돌]기타,사망자수,2000,365
차량단독,[공장물충돌]기타,부상자수,2000,2419
차량단독,[도로이탈]추락,발생건수,2000,907
차량단독,[도로이탈]추락,사망자수,2000,310
차량단독,[도로이탈]추락,부상자수,2000,1307
차량단독,[도로이탈]기타,발생건수,2000,1001
차량단독,[도로이탈]기타,사망자수,2000,170
차량단독,[도로이탈]기타,부상자수,2000,1554
차량단독,주차차량충돌(운전자부재),발생건수,2000,221
차량단독,주차차량충돌(운전자부재),사망자수,2000,35
차량단독,주차차량충돌(운전자부재),부상자수,2000,271
차량단독,전도,발생건수,2000,755
차량단독,전도,사망자수,2000,155
차량단독,전도,부상자수,2000,1139
차량단독,[차량단독]기타,발생건수,2000,3826
차량단독,[차량단독]기타,사망자수,2000,536
차량단독,[차량단독]기타,부상자수,2000,4904
차대열차,합계,발생건수,2000,9
차대열차,합계,사망자수,2000,3
차대열차,합계,부상자수,2000,8
철길건널목,철길건널목,발생건수,2000,9
철길건널목,철길건널목,사망자수,2000,3
철길건널목,철길건널목,부상자수,2000,8
합계,합계,발생건수,2001,260579
합계,합계,사망자수,2001,8097
합계,합계,부상자수,2001,386539
차대사람,합계,발생건수,2001,65898
차대사람,합계,사망자수,2001,3243
차대사람,합계,부상자수,2001,67105
차대사람,마주보고통행중,발생건수,2001,476
차대사람,마주보고통행중,사망자수,2001,35
차대사람,마주보고통행중,부상자수,2001,498
차대사람,등지고통행중,발생건수,2001,1184
차대사람,등지고통행중,사망자수,2001,81
차대사람,등지고통행중,부상자수,2001,1182
차대사람,횡단보도횡단중,발생건수,2001,6277
차대사람,횡단보도횡단중,사망자수,2001,294
차대사람,횡단보도횡단중,부상자수,2001,6513
차대사람,횡단보도부근횡단중,발생건수,2001,1383
차대사람,횡단보도부근횡단중,사망자수,2001,76
차대사람,횡단보도부근횡단중,부상자수,2001,1388
차대사람,육교부근횡단중,발생건수,2001,223
차대사람,육교부근횡단중,사망자수,2001,24
차대사람,육교부근횡단중,부상자수,2001,226
차대사람,기타횡단중,발생건수,2001,19742
차대사람,기타횡단중,사망자수,2001,1141
차대사람,기타횡단중,부상자수,2001,19513
차대사람,노상유희중,발생건수,2001,1081
차대사람,노상유희중,사망자수,2001,49
차대사람,노상유희중,부상자수,2001,1111
차대사람,노상작업중,발생건수,2001,246
차대사람,노상작업중,사망자수,2001,27
차대사람,노상작업중,부상자수,2001,258
차대사람,길가장자리정지중,발생건수,2001,903
차대사람,길가장자리정지중,사망자수,2001,48
차대사람,길가장자리정지중,부상자수,2001,960
차대사람,보도통행중,발생건수,2001,636
차대사람,보도통행중,사망자수,2001,22
차대사람,보도통행중,부상자수,2001,691
차대사람,길가장자리구역통행중,발생건수,2001,2395
차대사람,길가장자리구역통행중,사망자수,2001,138
차대사람,길가장자리구역통행중,부상자수,2001,2404
차대사람,[차대사람]기타,발생건수,2001,31352
차대사람,[차대사람]기타,사망자수,2001,1308
차대사람,[차대사람]기타,부상자수,2001,32361
차대차,합계,발생건수,2001,185207
차대차,합계,사망자수,2001,3258
차대차,합계,부상자수,2001,306181
차대차,[정면충돌]앞지르기할때,발생건수,2001,450
차대차,[정면충돌]앞지르기할때,사망자수,2001,44
차대차,[정면충돌]앞지르기할때,부상자수,2001,868
차대차,[정면충돌]기타,발생건수,2001,4640
차대차,[정면충돌]기타,사망자수,2001,379
차대차,[정면충돌]기타,부상자수,2001,8807
차대차,[추돌]진행중,발생건수,2001,40420
차대차,[추돌]진행중,사망자수,2001,662
차대차,[추돌]진행중,부상자수,2001,70156
차대차,[추돌]주정차중,발생건수,2001,15209
차대차,[추돌]주정차중,사망자수,2001,195
차대차,[추돌]주정차중,부상자수,2001,28855
차대차,전측면,발생건수,2001,9047
차대차,전측면,사망자수,2001,157
차대차,전측면,부상자수,2001,14777
차대차,앞지르기할때,발생건수,2001,1892
차대차,앞지르기할때,사망자수,2001,59
차대차,앞지르기할때,부상자수,2001,2826
차대차,회전시,발생건수,2001,2526
차대차,회전시,사망자수,2001,31
차대차,회전시,부상자수,2001,3897
차대차,후진시,발생건수,2001,1364
차대차,후진시,사망자수,2001,9
차대차,후진시,부상자수,2001,1823
차대차,진로변경시,발생건수,2001,7737
차대차,진로변경시,사망자수,2001,81
차대차,진로변경시,부상자수,2001,11564
차대차,교행시,발생건수,2001,14913
차대차,교행시,사망자수,2001,286
차대차,교행시,부상자수,2001,24663
차대차,좌회전시,발생건수,2001,6925
차대차,좌회전시,사망자수,2001,98
차대차,좌회전시,부상자수,2001,10419
차대차,우회전시,발생건수,2001,4603
차대차,우회전시,사망자수,2001,52
차대차,우회전시,부상자수,2001,6523
차대차,[차대차]기타,발생건수,2001,75481
차대차,[차대차]기타,사망자수,2001,1205
차대차,[차대차]기타,부상자수,2001,121003
차량단독,합계,발생건수,2001,9466
차량단독,합계,사망자수,2001,1590
차량단독,합계,부상자수,2001,13248
차량단독,전주,발생건수,2001,560
차량단독,전주,사망자수,2001,172
차량단독,전주,부상자수,2001,806
차량단독,표지,발생건수,2001,156
차량단독,표지,사망자수,2001,31
차량단독,표지,부상자수,2001,229
차량단독,분리대안전섬,발생건수,2001,298
차량단독,분리대안전섬,사망자수,2001,62
차량단독,분리대안전섬,부상자수,2001,430
차량단독,방책등,발생건수,2001,286
차량단독,방책등,사망자수,2001,66
차량단독,방책등,부상자수,2001,447
차량단독,가옥.담장,발생건수,2001,179
차량단독,가옥.담장,사망자수,2001,40
차량단독,가옥.담장,부상자수,2001,263
차량단독,교량(교각),발생건수,2001,154
차량단독,교량(교각),사망자수,2001,49
차량단독,교량(교각),부상자수,2001,198
차량단독,[공장물충돌]기타,발생건수,2001,1421
차량단독,[공장물충돌]기타,사망자수,2001,280
차량단독,[공장물충돌]기타,부상자수,2001,1995
차량단독,[도로이탈]추락,발생건수,2001,654
차량단독,[도로이탈]추락,사망자수,2001,240
차량단독,[도로이탈]추락,부상자수,2001,1153
차량단독,[도로이탈]기타,발생건수,2001,767
차량단독,[도로이탈]기타,사망자수,2001,125
차량단독,[도로이탈]기타,부상자수,2001,1169
차량단독,주차차량충돌(운전자부재),발생건수,2001,329
차량단독,주차차량충돌(운전자부재),사망자수,2001,45
차량단독,주차차량충돌(운전자부재),부상자수,2001,396
차량단독,전도,발생건수,2001,641
차량단독,전도,사망자수,2001,103
차량단독,전도,부상자수,2001,954
차량단독,[차량단독]기타,발생건수,2001,4021
차량단독,[차량단독]기타,사망자수,2001,377
차량단독,[차량단독]기타,부상자수,2001,5208
차대열차,합계,발생건수,2001,8
차대열차,합계,사망자수,2001,6
차대열차,합계,부상자수,2001,5
철길건널목,철길건널목,발생건수,2001,8
철길건널목,철길건널목,사망자수,2001,6
철길건널목,철길건널목,부상자수,2001,5
합계,합계,발생건수,2002,231026
합계,합계,사망자수,2002,7222
합계,합계,부상자수,2002,348149
차대사람,합계,발생건수,2002,59271
차대사람,합계,사망자수,2002,3201
차대사람,합계,부상자수,2002,60325
차대사람,마주보고통행중,발생건수,2002,452
차대사람,마주보고통행중,사망자수,2002,50
차대사람,마주보고통행중,부상자수,2002,471
차대사람,등지고통행중,발생건수,2002,1024
차대사람,등지고통행중,사망자수,2002,73
차대사람,등지고통행중,부상자수,2002,1031
차대사람,횡단보도횡단중,발생건수,2002,7114
차대사람,횡단보도횡단중,사망자수,2002,340
차대사람,횡단보도횡단중,부상자수,2002,7346
차대사람,횡단보도부근횡단중,발생건수,2002,1317
차대사람,횡단보도부근횡단중,사망자수,2002,74
차대사람,횡단보도부근횡단중,부상자수,2002,1310
차대사람,육교부근횡단중,발생건수,2002,195
차대사람,육교부근횡단중,사망자수,2002,22
차대사람,육교부근횡단중,부상자수,2002,191
차대사람,기타횡단중,발생건수,2002,18169
차대사람,기타횡단중,사망자수,2002,1211
차대사람,기타횡단중,부상자수,2002,17845
차대사람,노상유희중,발생건수,2002,951
차대사람,노상유희중,사망자수,2002,48
차대사람,노상유희중,부상자수,2002,1008
차대사람,노상작업중,발생건수,2002,241
차대사람,노상작업중,사망자수,2002,29
차대사람,노상작업중,부상자수,2002,236
차대사람,길가장자리정지중,발생건수,2002,735
차대사람,길가장자리정지중,사망자수,2002,44
차대사람,길가장자리정지중,부상자수,2002,783
차대사람,보도통행중,발생건수,2002,600
차대사람,보도통행중,사망자수,2002,20
차대사람,보도통행중,부상자수,2002,660
차대사람,길가장자리구역통행중,발생건수,2002,2029
차대사람,길가장자리구역통행중,사망자수,2002,117
차대사람,길가장자리구역통행중,부상자수,2002,2066
차대사람,[차대사람]기타,발생건수,2002,26444
차대사람,[차대사람]기타,사망자수,2002,1173
차대사람,[차대사람]기타,부상자수,2002,27378
차대차,합계,발생건수,2002,164334
차대차,합계,사망자수,2002,2808
차대차,합계,부상자수,2002,277419
차대차,[정면충돌]앞지르기할때,발생건수,2002,384
차대차,[정면충돌]앞지르기할때,사망자수,2002,28
차대차,[정면충돌]앞지르기할때,부상자수,2002,652
차대차,[정면충돌]기타,발생건수,2002,4543
차대차,[정면충돌]기타,사망자수,2002,372
차대차,[정면충돌]기타,부상자수,2002,8456
차대차,[추돌]진행중,발생건수,2002,35938
차대차,[추돌]진행중,사망자수,2002,579
차대차,[추돌]진행중,부상자수,2002,63223
차대차,[추돌]주정차중,발생건수,2002,16341
차대차,[추돌]주정차중,사망자수,2002,162
차대차,[추돌]주정차중,부상자수,2002,32577
차대차,전측면,발생건수,2002,8874
차대차,전측면,사망자수,2002,148
차대차,전측면,부상자수,2002,14545
차대차,앞지르기할때,발생건수,2002,1406
차대차,앞지르기할때,사망자수,2002,42
차대차,앞지르기할때,부상자수,2002,2133
차대차,회전시,발생건수,2002,2139
차대차,회전시,사망자수,2002,31
차대차,회전시,부상자수,2002,3324
차대차,후진시,발생건수,2002,1227
차대차,후진시,사망자수,2002,12
차대차,후진시,부상자수,2002,1612
차대차,진로변경시,발생건수,2002,8425
차대차,진로변경시,사망자수,2002,99
차대차,진로변경시,부상자수,2002,13225
차대차,교행시,발생건수,2002,13537
차대차,교행시,사망자수,2002,236
차대차,교행시,부상자수,2002,22416
차대차,좌회전시,발생건수,2002,7044
차대차,좌회전시,사망자수,2002,82
차대차,좌회전시,부상자수,2002,10789
차대차,우회전시,발생건수,2002,4523
차대차,우회전시,사망자수,2002,36
차대차,우회전시,부상자수,2002,6520
차대차,[차대차]기타,발생건수,2002,59953
차대차,[차대차]기타,사망자수,2002,981
차대차,[차대차]기타,부상자수,2002,97947
차량단독,합계,발생건수,2002,7411
차량단독,합계,사망자수,2002,1207
차량단독,합계,부상자수,2002,10397
차량단독,전주,발생건수,2002,436
차량단독,전주,사망자수,2002,117
차량단독,전주,부상자수,2002,581
차량단독,표지,발생건수,2002,114
차량단독,표지,사망자수,2002,19
차량단독,표지,부상자수,2002,148
차량단독,분리대안전섬,발생건수,2002,274
차량단독,분리대안전섬,사망자수,2002,59
차량단독,분리대안전섬,부상자수,2002,367
차량단독,방책등,발생건수,2002,242
차량단독,방책등,사망자수,2002,63
차량단독,방책등,부상자수,2002,354
차량단독,가옥.담장,발생건수,2002,126
차량단독,가옥.담장,사망자수,2002,18
차량단독,가옥.담장,부상자수,2002,222
차량단독,교량(교각),발생건수,2002,123
차량단독,교량(교각),사망자수,2002,62
차량단독,교량(교각),부상자수,2002,159
차량단독,[공장물충돌]기타,발생건수,2002,1062
차량단독,[공장물충돌]기타,사망자수,2002,233
차량단독,[공장물충돌]기타,부상자수,2002,1666
차량단독,[도로이탈]추락,발생건수,2002,402
차량단독,[도로이탈]추락,사망자수,2002,136
차량단독,[도로이탈]추락,부상자수,2002,705
차량단독,[도로이탈]기타,발생건수,2002,502
차량단독,[도로이탈]기타,사망자수,2002,84
차량단독,[도로이탈]기타,부상자수,2002,837
차량단독,주차차량충돌(운전자부재),발생건수,2002,228
차량단독,주차차량충돌(운전자부재),사망자수,2002,36
차량단독,주차차량충돌(운전자부재),부상자수,2002,280
차량단독,전도,발생건수,2002,415
차량단독,전도,사망자수,2002,81
차량단독,전도,부상자수,2002,603
차량단독,[차량단독]기타,발생건수,2002,3487
차량단독,[차량단독]기타,사망자수,2002,299
차량단독,[차량단독]기타,부상자수,2002,4475
차대열차,합계,발생건수,2002,10
차대열차,합계,사망자수,2002,6
차대열차,합계,부상자수,2002,8
철길건널목,철길건널목,발생건수,2002,10
철길건널목,철길건널목,사망자수,2002,6
철길건널목,철길건널목,부상자수,2002,8
합계,합계,발생건수,2003,240832
합계,합계,사망자수,2003,7212
합계,합계,부상자수,2003,376503
차대사람,합계,발생건수,2003,89443
차대사람,합계,사망자수,2003,3595
차대사람,합계,부상자수,2003,114922
차대사람,마주보고통행중,발생건수,2003,7241
차대사람,마주보고통행중,사망자수,2003,305
차대사람,마주보고통행중,부상자수,2003,11736
차대사람,등지고통행중,발생건수,2003,6226
차대사람,등지고통행중,사망자수,2003,146
차대사람,등지고통행중,부상자수,2003,9713
차대사람,횡단보도횡단중,발생건수,2003,7942
차대사람,횡단보도횡단중,사망자수,2003,340
차대사람,횡단보도횡단중,부상자수,2003,8313
차대사람,횡단보도부근횡단중,발생건수,2003,1968
차대사람,횡단보도부근횡단중,사망자수,2003,116
차대사람,횡단보도부근횡단중,부상자수,2003,1975
차대사람,육교부근횡단중,발생건수,2003,205
차대사람,육교부근횡단중,사망자수,2003,21
차대사람,육교부근횡단중,부상자수,2003,205
차대사람,기타횡단중,발생건수,2003,14802
차대사람,기타횡단중,사망자수,2003,1008
차대사람,기타횡단중,부상자수,2003,14546
차대사람,노상유희중,발생건수,2003,1004
차대사람,노상유희중,사망자수,2003,40
차대사람,노상유희중,부상자수,2003,1076
차대사람,노상작업중,발생건수,2003,273
차대사람,노상작업중,사망자수,2003,26
차대사람,노상작업중,부상자수,2003,285
차대사람,길가장자리정지중,발생건수,2003,1015
차대사람,길가장자리정지중,사망자수,2003,47
차대사람,길가장자리정지중,부상자수,2003,1158
차대사람,보도통행중,발생건수,2003,1030
차대사람,보도통행중,사망자수,2003,42
차대사람,보도통행중,부상자수,2003,1086
차대사람,길가장자리구역통행중,발생건수,2003,2604
차대사람,길가장자리구역통행중,사망자수,2003,108
차대사람,길가장자리구역통행중,부상자수,2003,2728
차대사람,[차대사람]기타,발생건수,2003,45133
차대사람,[차대사람]기타,사망자수,2003,1396
차대사람,[차대사람]기타,부상자수,2003,62101
차대차,합계,발생건수,2003,141841
차대차,합계,사망자수,2003,2197
차대차,합계,부상자수,2003,248777
차대차,[정면충돌]앞지르기할때,발생건수,2003,1823
차대차,[정면충돌]앞지르기할때,사망자수,2003,57
차대차,[정면충돌]앞지르기할때,부상자수,2003,2921
차대차,[정면충돌]기타,발생건수,2003,6657
차대차,[정면충돌]기타,사망자수,2003,307
차대차,[정면충돌]기타,부상자수,2003,12273
차대차,[추돌]진행중,발생건수,2003,34667
차대차,[추돌]진행중,사망자수,2003,546
차대차,[추돌]진행중,부상자수,2003,64050
차대차,[추돌]주정차중,발생건수,2003,17129
차대차,[추돌]주정차중,사망자수,2003,200
차대차,[추돌]주정차중,부상자수,2003,34127
차대차,전측면,발생건수,2003,13280
차대차,전측면,사망자수,2003,182
차대차,전측면,부상자수,2003,21850
차대차,앞지르기할때,발생건수,2003,970
차대차,앞지르기할때,사망자수,2003,34
차대차,앞지르기할때,부상자수,2003,1520
차대차,회전시,발생건수,2003,3277
차대차,회전시,사망자수,2003,25
차대차,회전시,부상자수,2003,5082
차대차,후진시,발생건수,2003,1548
차대차,후진시,사망자수,2003,15
차대차,후진시,부상자수,2003,2115
차대차,진로변경시,발생건수,2003,8755
차대차,진로변경시,사망자수,2003,67
차대차,진로변경시,부상자수,2003,14022
차대차,교행시,발생건수,2003,11956
차대차,교행시,사망자수,2003,175
차대차,교행시,부상자수,2003,20179
차대차,좌회전시,발생건수,2003,7260
차대차,좌회전시,사망자수,2003,96
차대차,좌회전시,부상자수,2003,11581
차대차,우회전시,발생건수,2003,3610
차대차,우회전시,사망자수,2003,16
차대차,우회전시,부상자수,2003,5321
차대차,[차대차]기타,발생건수,2003,30909
차대차,[차대차]기타,사망자수,2003,477
차대차,[차대차]기타,부상자수,2003,53736
차량단독,합계,발생건수,2003,9531
차량단독,합계,사망자수,2003,1416
차량단독,합계,부상자수,2003,12788
차량단독,전주,발생건수,2003,401
차량단독,전주,사망자수,2003,97
차량단독,전주,부상자수,2003,528
차량단독,표지,발생건수,2003,89
차량단독,표지,사망자수,2003,21
차량단독,표지,부상자수,2003,108
차량단독,분리대안전섬,발생건수,2003,179
차량단독,분리대안전섬,사망자수,2003,33
차량단독,분리대안전섬,부상자수,2003,274
차량단독,방책등,발생건수,2003,151
차량단독,방책등,사망자수,2003,44
차량단독,방책등,부상자수,2003,239
차량단독,가옥.담장,발생건수,2003,82
차량단독,가옥.담장,사망자수,2003,18
차량단독,가옥.담장,부상자수,2003,123
차량단독,교량(교각),발생건수,2003,117
차량단독,교량(교각),사망자수,2003,49
차량단독,교량(교각),부상자수,2003,142
차량단독,[공장물충돌]기타,발생건수,2003,1067
차량단독,[공장물충돌]기타,사망자수,2003,205
차량단독,[공장물충돌]기타,부상자수,2003,1428
차량단독,[도로이탈]추락,발생건수,2003,423
차량단독,[도로이탈]추락,사망자수,2003,165
차량단독,[도로이탈]추락,부상자수,2003,682
차량단독,[도로이탈]기타,발생건수,2003,505
차량단독,[도로이탈]기타,사망자수,2003,83
차량단독,[도로이탈]기타,부상자수,2003,748
차량단독,주차차량충돌(운전자부재),발생건수,2003,57
차량단독,주차차량충돌(운전자부재),사망자수,2003,5
차량단독,주차차량충돌(운전자부재),부상자수,2003,76
차량단독,전도,발생건수,2003,534
차량단독,전도,사망자수,2003,86
차량단독,전도,부상자수,2003,847
차량단독,[차량단독]기타,발생건수,2003,5926
차량단독,[차량단독]기타,사망자수,2003,610
차량단독,[차량단독]기타,부상자수,2003,7593
차대열차,합계,발생건수,2003,17
차대열차,합계,사망자수,2003,4
차대열차,합계,부상자수,2003,16
철길건널목,철길건널목,발생건수,2003,17
철길건널목,철길건널목,사망자수,2003,4
철길건널목,철길건널목,부상자수,2003,16
합계,합계,발생건수,2004,220755
합계,합계,사망자수,2004,6563
합계,합계,부상자수,2004,346987
차대사람,합계,발생건수,2004,49626
차대사람,합계,사망자수,2004,2543
차대사람,합계,부상자수,2004,50247
차대사람,마주보고통행중,발생건수,2004,1902
차대사람,마주보고통행중,사망자수,2004,98
차대사람,마주보고통행중,부상자수,2004,1938
차대사람,등지고통행중,발생건수,2004,2209
차대사람,등지고통행중,사망자수,2004,129
차대사람,등지고통행중,부상자수,2004,2237
차대사람,횡단보도횡단중,발생건수,2004,7347
차대사람,횡단보도횡단중,사망자수,2004,281
차대사람,횡단보도횡단중,부상자수,2004,7663
차대사람,횡단보도부근횡단중,발생건수,2004,1493
차대사람,횡단보도부근횡단중,사망자수,2004,74
차대사람,횡단보도부근횡단중,부상자수,2004,1504
차대사람,육교부근횡단중,발생건수,2004,111
차대사람,육교부근횡단중,사망자수,2004,22
차대사람,육교부근횡단중,부상자수,2004,92
차대사람,기타횡단중,발생건수,2004,12162
차대사람,기타횡단중,사망자수,2004,855
차대사람,기타횡단중,부상자수,2004,11846
차대사람,노상유희중,발생건수,2004,1027
차대사람,노상유희중,사망자수,2004,47
차대사람,노상유희중,부상자수,2004,1063
차대사람,노상작업중,발생건수,2004,303
차대사람,노상작업중,사망자수,2004,21
차대사람,노상작업중,부상자수,2004,314
차대사람,길가장자리정지중,발생건수,2004,726
차대사람,길가장자리정지중,사망자수,2004,25
차대사람,길가장자리정지중,부상자수,2004,767
차대사람,보도통행중,발생건수,2004,1246
차대사람,보도통행중,사망자수,2004,43
차대사람,보도통행중,부상자수,2004,1347
차대사람,길가장자리구역통행중,발생건수,2004,1991
차대사람,길가장자리구역통행중,사망자수,2004,84
차대사람,길가장자리구역통행중,부상자수,2004,2046
차대사람,[차대사람]기타,발생건수,2004,19109
차대사람,[차대사람]기타,사망자수,2004,864
차대사람,[차대사람]기타,부상자수,2004,19430
차대차,합계,발생건수,2004,163349
차대차,합계,사망자수,2004,2693
차대차,합계,부상자수,2004,285752
차대차,[정면충돌]앞지르기할때,발생건수,2004,1539
차대차,[정면충돌]앞지르기할때,사망자수,2004,57
차대차,[정면충돌]앞지르기할때,부상자수,2004,2497
차대차,[정면충돌]기타,발생건수,2004,10927
차대차,[정면충돌]기타,사망자수,2004,439
차대차,[정면충돌]기타,부상자수,2004,19686
차대차,[추돌]진행중,발생건수,2004,38472
차대차,[추돌]진행중,사망자수,2004,615
차대차,[추돌]진행중,부상자수,2004,70990
차대차,[추돌]주정차중,발생건수,2004,16790
차대차,[추돌]주정차중,사망자수,2004,207
차대차,[추돌]주정차중,부상자수,2004,34396
차대차,전측면,발생건수,2004,16633
차대차,전측면,사망자수,2004,236
차대차,전측면,부상자수,2004,27618
차대차,앞지르기할때,발생건수,2004,1391
차대차,앞지르기할때,사망자수,2004,41
차대차,앞지르기할때,부상자수,2004,2182
차대차,회전시,발생건수,2004,4474
차대차,회전시,사망자수,2004,46
차대차,회전시,부상자수,2004,7224
차대차,후진시,발생건수,2004,1674
차대차,후진시,사망자수,2004,13
차대차,후진시,부상자수,2004,2253
차대차,진로변경시,발생건수,2004,11119
차대차,진로변경시,사망자수,2004,82
차대차,진로변경시,부상자수,2004,17873
차대차,교행시,발생건수,2004,11485
차대차,교행시,사망자수,2004,164
차대차,교행시,부상자수,2004,19374
차대차,좌회전시,발생건수,2004,6641
차대차,좌회전시,사망자수,2004,89
차대차,좌회전시,부상자수,2004,10586
차대차,우회전시,발생건수,2004,3221
차대차,우회전시,사망자수,2004,22
차대차,우회전시,부상자수,2004,4696
차대차,[차대차]기타,발생건수,2004,38983
차대차,[차대차]기타,사망자수,2004,682
차대차,[차대차]기타,부상자수,2004,66377
차량단독,합계,발생건수,2004,7765
차량단독,합계,사망자수,2004,1324
차량단독,합계,부상자수,2004,10964
차량단독,전주,발생건수,2004,404
차량단독,전주,사망자수,2004,128
차량단독,전주,부상자수,2004,538
차량단독,표지,발생건수,2004,122
차량단독,표지,사망자수,2004,42
차량단독,표지,부상자수,2004,184
차량단독,분리대안전섬,발생건수,2004,178
차량단독,분리대안전섬,사망자수,2004,33
차량단독,분리대안전섬,부상자수,2004,266
차량단독,방책등,발생건수,2004,217
차량단독,방책등,사망자수,2004,44
차량단독,방책등,부상자수,2004,348
차량단독,가옥.담장,발생건수,2004,58
차량단독,가옥.담장,사망자수,2004,7
차량단독,가옥.담장,부상자수,2004,84
차량단독,교량(교각),발생건수,2004,111
차량단독,교량(교각),사망자수,2004,32
차량단독,교량(교각),부상자수,2004,149
차량단독,[공장물충돌]기타,발생건수,2004,939
차량단독,[공장물충돌]기타,사망자수,2004,188
차량단독,[공장물충돌]기타,부상자수,2004,1371
차량단독,[도로이탈]추락,발생건수,2004,408
차량단독,[도로이탈]추락,사망자수,2004,145
차량단독,[도로이탈]추락,부상자수,2004,658
차량단독,[도로이탈]기타,발생건수,2004,497
차량단독,[도로이탈]기타,사망자수,2004,103
차량단독,[도로이탈]기타,부상자수,2004,761
차량단독,주차차량충돌(운전자부재),발생건수,2004,8
차량단독,주차차량충돌(운전자부재),사망자수,2004,5
차량단독,주차차량충돌(운전자부재),부상자수,2004,4
차량단독,전도,발생건수,2004,510
차량단독,전도,사망자수,2004,108
차량단독,전도,부상자수,2004,722
차량단독,[차량단독]기타,발생건수,2004,4313
차량단독,[차량단독]기타,사망자수,2004,489
차량단독,[차량단독]기타,부상자수,2004,5879
차대열차,합계,발생건수,2004,15
차대열차,합계,사망자수,2004,3
차대열차,합계,부상자수,2004,24
철길건널목,철길건널목,발생건수,2004,15
철길건널목,철길건널목,사망자수,2004,3
철길건널목,철길건널목,부상자수,2004,24
합계,합계,발생건수,2005,214171
합계,합계,사망자수,2005,6376
합계,합계,부상자수,2005,342233
차대사람,합계,발생건수,2005,46594
차대사람,합계,사망자수,2005,2457
차대사람,합계,부상자수,2005,47282
차대사람,횡단중,발생건수,2005,20758
차대사람,횡단중,사망자수,2005,1323
차대사람,횡단중,부상자수,2005,20642
차대사람,차도통행중,발생건수,2005,5162
차대사람,차도통행중,사망자수,2005,296
차대사람,차도통행중,부상자수,2005,5163
차대사람,길가장자리구역통행중,발생건수,2005,2713
차대사람,길가장자리구역통행중,사망자수,2005,129
차대사람,길가장자리구역통행중,부상자수,2005,2836
차대사람,보도통행중,발생건수,2005,2346
차대사람,보도통행중,사망자수,2005,81
차대사람,보도통행중,부상자수,2005,2531
차대사람,기타,발생건수,2005,15615
차대사람,기타,사망자수,2005,628
차대사람,기타,부상자수,2005,16110
차대차,합계,발생건수,2005,159063
차대차,합계,사망자수,2005,2659
차대차,합계,부상자수,2005,283005
차대차,진행중 추돌,발생건수,2005,25584
차대차,진행중 추돌,사망자수,2005,392
차대차,진행중 추돌,부상자수,2005,48504
차대차,주정차중 추돌,발생건수,2005,25777
차대차,주정차중 추돌,사망자수,2005,278
차대차,주정차중 추돌,부상자수,2005,53214
차대차,정면충돌,발생건수,2005,11200
차대차,정면충돌,사망자수,2005,575
차대차,정면충돌,부상자수,2005,22310
차대차,측면충돌,발생건수,2005,58441
차대차,측면충돌,사망자수,2005,717
차대차,측면충돌,부상자수,2005,98136
차대차,기타,발생건수,2005,38061
차대차,기타,사망자수,2005,697
차대차,기타,부상자수,2005,60841
차량단독,합계,발생건수,2005,8504
차량단독,합계,사망자수,2005,1254
차량단독,합계,부상자수,2005,11935
차량단독,공작물충돌,발생건수,2005,2515
차량단독,공작물충돌,사망자수,2005,489
차량단독,공작물충돌,부상자수,2005,3661
차량단독,주/정차차량 충돌,발생건수,2005,43
차량단독,주/정차차량 충돌,사망자수,2005,8
차량단독,주/정차차량 충돌,부상자수,2005,51
차량단독,도로이탈 추락,발생건수,2005,463
차량단독,도로이탈 추락,사망자수,2005,169
차량단독,도로이탈 추락,부상자수,2005,726
차량단독,도로이탈 기타,발생건수,2005,455
차량단독,도로이탈 기타,사망자수,2005,87
차량단독,도로이탈 기타,부상자수,2005,847
차량단독,기타,발생건수,2005,4066
차량단독,기타,사망자수,2005,294
차량단독,기타,부상자수,2005,5077
차량단독,전도전복,발생건수,2005,962
차량단독,전도전복,사망자수,2005,207
차량단독,전도전복,부상자수,2005,1573
철길건널목,합계,발생건수,2005,10
철길건널목,합계,사망자수,2005,6
철길건널목,합계,부상자수,2005,11
철길건널목,차단기돌파,발생건수,2005,NA
철길건널목,차단기돌파,사망자수,2005,NA
철길건널목,차단기돌파,부상자수,2005,NA
철길건널목,경보기 무시,발생건수,2005,3
철길건널목,경보기 무시,사망자수,2005,3
철길건널목,경보기 무시,부상자수,2005,3
철길건널목,직전진행,발생건수,2005,2
철길건널목,직전진행,사망자수,2005,1
철길건널목,직전진행,부상자수,2005,2
철길건널목,기타,발생건수,2005,5
철길건널목,기타,사망자수,2005,2
철길건널목,기타,부상자수,2005,6
합계,합계,발생건수,2006,213745
합계,합계,사망자수,2006,6327
합계,합계,부상자수,2006,340229
차대사람,합계,발생건수,2006,45261
차대사람,합계,사망자수,2006,2377
차대사람,합계,부상자수,2006,46004
차대사람,횡단중,발생건수,2006,22832
차대사람,횡단중,사망자수,2006,1383
차대사람,횡단중,부상자수,2006,22880
차대사람,차도통행중,발생건수,2006,6226
차대사람,차도통행중,사망자수,2006,336
차대사람,차도통행중,부상자수,2006,6222
차대사람,길가장자리구역통행중,발생건수,2006,5150
차대사람,길가장자리구역통행중,사망자수,2006,236
차대사람,길가장자리구역통행중,부상자수,2006,5317
차대사람,보도통행중,발생건수,2006,2985
차대사람,보도통행중,사망자수,2006,92
차대사람,보도통행중,부상자수,2006,3191
차대사람,기타,발생건수,2006,8068
차대사람,기타,사망자수,2006,330
차대사람,기타,부상자수,2006,8394
차대차,합계,발생건수,2006,159735
차대차,합계,사망자수,2006,2635
차대차,합계,부상자수,2006,282595
차대차,진행중 추돌,발생건수,2006,29363
차대차,진행중 추돌,사망자수,2006,456
차대차,진행중 추돌,부상자수,2006,54915
차대차,주정차중 추돌,발생건수,2006,27741
차대차,주정차중 추돌,사망자수,2006,297
차대차,주정차중 추돌,부상자수,2006,55981
차대차,정면충돌,발생건수,2006,11776
차대차,정면충돌,사망자수,2006,589
차대차,정면충돌,부상자수,2006,22785
차대차,측면충돌,발생건수,2006,73680
차대차,측면충돌,사망자수,2006,920
차대차,측면충돌,부상자수,2006,121814
차대차,기타,발생건수,2006,17175
차대차,기타,사망자수,2006,373
차대차,기타,부상자수,2006,27100
차량단독,합계,발생건수,2006,8740
차량단독,합계,사망자수,2006,1311
차량단독,합계,부상자수,2006,11622
차량단독,공작물충돌,발생건수,2006,3602
차량단독,공작물충돌,사망자수,2006,614
차량단독,공작물충돌,부상자수,2006,5122
차량단독,주/정차차량 충돌,발생건수,2006,85
차량단독,주/정차차량 충돌,사망자수,2006,12
차량단독,주/정차차량 충돌,부상자수,2006,106
차량단독,도로이탈 추락,발생건수,2006,589
차량단독,도로이탈 추락,사망자수,2006,198
차량단독,도로이탈 추락,부상자수,2006,806
차량단독,도로이탈 기타,발생건수,2006,577
차량단독,도로이탈 기타,사망자수,2006,105
차량단독,도로이탈 기타,부상자수,2006,838
차량단독,기타,발생건수,2006,2597
차량단독,기타,사망자수,2006,149
차량단독,기타,부상자수,2006,3040
차량단독,전도전복,발생건수,2006,1290
차량단독,전도전복,사망자수,2006,233
차량단독,전도전복,부상자수,2006,1710
철길건널목,합계,발생건수,2006,9
철길건널목,합계,사망자수,2006,4
철길건널목,합계,부상자수,2006,8
철길건널목,차단기돌파,발생건수,2006,3
철길건널목,차단기돌파,사망자수,2006,1
철길건널목,차단기돌파,부상자수,2006,5
철길건널목,경보기 무시,발생건수,2006,5
철길건널목,경보기 무시,사망자수,2006,2
철길건널목,경보기 무시,부상자수,2006,3
철길건널목,직전진행,발생건수,2006,NA
철길건널목,직전진행,사망자수,2006,NA
철길건널목,직전진행,부상자수,2006,NA
철길건널목,기타,발생건수,2006,1
철길건널목,기타,사망자수,2006,1
철길건널목,기타,부상자수,2006,0
합계,합계,발생건수,2007,211662
합계,합계,사망자수,2007,6166
합계,합계,부상자수,2007,335906
차대사람,합계,발생건수,2007,44857
차대사람,합계,사망자수,2007,2232
차대사람,합계,부상자수,2007,45842
차대사람,횡단중,발생건수,2007,22352
차대사람,횡단중,사망자수,2007,1326
차대사람,횡단중,부상자수,2007,22531
차대사람,차도통행중,발생건수,2007,6439
차대사람,차도통행중,사망자수,2007,337
차대사람,차도통행중,부상자수,2007,6527
차대사람,길가장자리구역통행중,발생건수,2007,4889
차대사람,길가장자리구역통행중,사망자수,2007,178
차대사람,길가장자리구역통행중,부상자수,2007,5107
차대사람,보도통행중,발생건수,2007,2916
차대사람,보도통행중,사망자수,2007,85
차대사람,보도통행중,부상자수,2007,3129
차대사람,기타,발생건수,2007,8261
차대사람,기타,사망자수,2007,306
차대사람,기타,부상자수,2007,8548
차대차,합계,발생건수,2007,157942
차대차,합계,사망자수,2007,2551
차대차,합계,부상자수,2007,278273
차대차,진행중 추돌,발생건수,2007,26641
차대차,진행중 추돌,사망자수,2007,445
차대차,진행중 추돌,부상자수,2007,50410
차대차,주정차중 추돌,발생건수,2007,25824
차대차,주정차중 추돌,사망자수,2007,284
차대차,주정차중 추돌,부상자수,2007,52475
차대차,정면충돌,발생건수,2007,10945
차대차,정면충돌,사망자수,2007,534
차대차,정면충돌,부상자수,2007,20943
차대차,측면충돌,발생건수,2007,79921
차대차,측면충돌,사망자수,2007,1039
차대차,측면충돌,부상자수,2007,132255
차대차,기타,발생건수,2007,14611
차대차,기타,사망자수,2007,249
차대차,기타,부상자수,2007,22190
차량단독,합계,발생건수,2007,8848
차량단독,합계,사망자수,2007,1379
차량단독,합계,부상자수,2007,11743
차량단독,공작물충돌,발생건수,2007,3908
차량단독,공작물충돌,사망자수,2007,664
차량단독,공작물충돌,부상자수,2007,5440
차량단독,주/정차차량 충돌,발생건수,2007,76
차량단독,주/정차차량 충돌,사망자수,2007,11
차량단독,주/정차차량 충돌,부상자수,2007,86
차량단독,도로이탈 추락,발생건수,2007,586
차량단독,도로이탈 추락,사망자수,2007,215
차량단독,도로이탈 추락,부상자수,2007,782
차량단독,도로이탈 기타,발생건수,2007,538
차량단독,도로이탈 기타,사망자수,2007,91
차량단독,도로이탈 기타,부상자수,2007,789
차량단독,기타,발생건수,2007,2420
차량단독,기타,사망자수,2007,146
차량단독,기타,부상자수,2007,2795
차량단독,전도전복,발생건수,2007,1320
차량단독,전도전복,사망자수,2007,252
차량단독,전도전복,부상자수,2007,1851
철길건널목,합계,발생건수,2007,15
철길건널목,합계,사망자수,2007,4
철길건널목,합계,부상자수,2007,48
철길건널목,차단기돌파,발생건수,2007,5
철길건널목,차단기돌파,사망자수,2007,1
철길건널목,차단기돌파,부상자수,2007,9
철길건널목,경보기 무시,발생건수,2007,6
철길건널목,경보기 무시,사망자수,2007,3
철길건널목,경보기 무시,부상자수,2007,33
철길건널목,직전진행,발생건수,2007,2
철길건널목,직전진행,사망자수,2007,0
철길건널목,직전진행,부상자수,2007,2
철길건널목,기타,발생건수,2007,2
철길건널목,기타,사망자수,2007,0
철길건널목,기타,부상자수,2007,4
합계,합계,발생건수,2008,215822
합계,합계,사망자수,2008,5870
합계,합계,부상자수,2008,338962
차대사람,합계,발생건수,2008,47281
차대사람,합계,사망자수,2008,2063
차대사람,합계,부상자수,2008,48406
차대사람,횡단중,발생건수,2008,22701
차대사람,횡단중,사망자수,2008,1177
차대사람,횡단중,부상자수,2008,22992
차대사람,차도통행중,발생건수,2008,6980
차대사람,차도통행중,사망자수,2008,318
차대사람,차도통행중,부상자수,2008,7054
차대사람,길가장자리구역통행중,발생건수,2008,5609
차대사람,길가장자리구역통행중,사망자수,2008,186
차대사람,길가장자리구역통행중,부상자수,2008,5780
차대사람,보도통행중,발생건수,2008,3518
차대사람,보도통행중,사망자수,2008,76
차대사람,보도통행중,부상자수,2008,3785
차대사람,기타,발생건수,2008,8473
차대사람,기타,사망자수,2008,306
차대사람,기타,부상자수,2008,8795
차대차,합계,발생건수,2008,158975
차대차,합계,사망자수,2008,2519
차대차,합계,부상자수,2008,278062
차대차,진행중 추돌,발생건수,2008,28329
차대차,진행중 추돌,사망자수,2008,423
차대차,진행중 추돌,부상자수,2008,53340
차대차,주정차중 추돌,발생건수,2008,24989
차대차,주정차중 추돌,사망자수,2008,260
차대차,주정차중 추돌,부상자수,2008,50625
차대차,정면충돌,발생건수,2008,10738
차대차,정면충돌,사망자수,2008,509
차대차,정면충돌,부상자수,2008,20471
차대차,측면충돌,발생건수,2008,83789
차대차,측면충돌,사망자수,2008,1126
차대차,측면충돌,부상자수,2008,137009
차대차,기타,발생건수,2008,11130
차대차,기타,사망자수,2008,201
차대차,기타,부상자수,2008,16617
차량단독,합계,발생건수,2008,9555
차량단독,합계,사망자수,2008,1283
차량단독,합계,부상자수,2008,12483
차량단독,공작물충돌,발생건수,2008,4445
차량단독,공작물충돌,사망자수,2008,729
차량단독,공작물충돌,부상자수,2008,5948
차량단독,주/정차차량 충돌,발생건수,2008,97
차량단독,주/정차차량 충돌,사망자수,2008,14
차량단독,주/정차차량 충돌,부상자수,2008,119
차량단독,도로이탈 추락,발생건수,2008,639
차량단독,도로이탈 추락,사망자수,2008,164
차량단독,도로이탈 추락,부상자수,2008,961
차량단독,도로이탈 기타,발생건수,2008,506
차량단독,도로이탈 기타,사망자수,2008,66
차량단독,도로이탈 기타,부상자수,2008,715
차량단독,기타,발생건수,2008,2508
차량단독,기타,사망자수,2008,99
차량단독,기타,부상자수,2008,2873
차량단독,전도전복,발생건수,2008,1360
차량단독,전도전복,사망자수,2008,211
차량단독,전도전복,부상자수,2008,1867
철길건널목,합계,발생건수,2008,11
철길건널목,합계,사망자수,2008,5
철길건널목,합계,부상자수,2008,11
철길건널목,차단기돌파,발생건수,2008,4
철길건널목,차단기돌파,사망자수,2008,2
철길건널목,차단기돌파,부상자수,2008,3
철길건널목,경보기 무시,발생건수,2008,3
철길건널목,경보기 무시,사망자수,2008,2
철길건널목,경보기 무시,부상자수,2008,2
철길건널목,직전진행,발생건수,2008,2
철길건널목,직전진행,사망자수,2008,0
철길건널목,직전진행,부상자수,2008,5
철길건널목,기타,발생건수,2008,2
철길건널목,기타,사망자수,2008,1
철길건널목,기타,부상자수,2008,1
합계,합계,발생건수,2009,231990
합계,합계,사망자수,2009,5838
합계,합계,부상자수,2009,361875
차대사람,합계,발생건수,2009,49665
차대사람,합계,사망자수,2009,2047
차대사람,합계,부상자수,2009,51043
차대사람,횡단중,발생건수,2009,22828
차대사람,횡단중,사망자수,2009,1171
차대사람,횡단중,부상자수,2009,23205
차대사람,차도통행중,발생건수,2009,6841
차대사람,차도통행중,사망자수,2009,310
차대사람,차도통행중,부상자수,2009,6904
차대사람,길가장자리구역통행중,발생건수,2009,5273
차대사람,길가장자리구역통행중,사망자수,2009,156
차대사람,길가장자리구역통행중,부상자수,2009,5470
차대사람,보도통행중,발생건수,2009,3291
차대사람,보도통행중,사망자수,2009,68
차대사람,보도통행중,부상자수,2009,3556
차대사람,기타,발생건수,2009,11432
차대사람,기타,사망자수,2009,342
차대사람,기타,부상자수,2009,11908
차대차,합계,발생건수,2009,171706
차대차,합계,사망자수,2009,2546
차대차,합계,부상자수,2009,297131
차대차,진행중 추돌,발생건수,2009,30005
차대차,진행중 추돌,사망자수,2009,513
차대차,진행중 추돌,부상자수,2009,56654
차대차,주정차중 추돌,발생건수,2009,25510
차대차,주정차중 추돌,사망자수,2009,293
차대차,주정차중 추돌,부상자수,2009,51211
차대차,정면충돌,발생건수,2009,10626
차대차,정면충돌,사망자수,2009,465
차대차,정면충돌,부상자수,2009,20044
차대차,측면충돌,발생건수,2009,91375
차대차,측면충돌,사망자수,2009,1024
차대차,측면충돌,부상자수,2009,148442
차대차,기타,발생건수,2009,14190
차대차,기타,사망자수,2009,251
차대차,기타,부상자수,2009,20780
차량단독,합계,발생건수,2009,10608
차량단독,합계,사망자수,2009,1240
차량단독,합계,부상자수,2009,13683
차량단독,공작물충돌,발생건수,2009,4775
차량단독,공작물충돌,사망자수,2009,681
차량단독,공작물충돌,부상자수,2009,6317
차량단독,주/정차차량 충돌,발생건수,2009,122
차량단독,주/정차차량 충돌,사망자수,2009,15
차량단독,주/정차차량 충돌,부상자수,2009,133
차량단독,도로이탈 추락,발생건수,2009,610
차량단독,도로이탈 추락,사망자수,2009,180
차량단독,도로이탈 추락,부상자수,2009,763
차량단독,도로이탈 기타,발생건수,2009,509
차량단독,도로이탈 기타,사망자수,2009,53
차량단독,도로이탈 기타,부상자수,2009,768
차량단독,기타,발생건수,2009,3186
차량단독,기타,사망자수,2009,121
차량단독,기타,부상자수,2009,3715
차량단독,전도전복,발생건수,2009,1406
차량단독,전도전복,사망자수,2009,190
차량단독,전도전복,부상자수,2009,1987
철길건널목,합계,발생건수,2009,11
철길건널목,합계,사망자수,2009,5
철길건널목,합계,부상자수,2009,18
철길건널목,차단기돌파,발생건수,2009,4
철길건널목,차단기돌파,사망자수,2009,2
철길건널목,차단기돌파,부상자수,2009,2
철길건널목,경보기 무시,발생건수,2009,2
철길건널목,경보기 무시,사망자수,2009,2
철길건널목,경보기 무시,부상자수,2009,0
철길건널목,직전진행,발생건수,2009,3
철길건널목,직전진행,사망자수,2009,1
철길건널목,직전진행,부상자수,2009,4
철길건널목,기타,발생건수,2009,2
철길건널목,기타,사망자수,2009,0
철길건널목,기타,부상자수,2009,12
합계,합계,발생건수,2010,226878
합계,합계,사망자수,2010,5505
합계,합계,부상자수,2010,352458
차대사람,합계,발생건수,2010,49353
차대사람,합계,사망자수,2010,2010
차대사람,합계,부상자수,2010,50396
차대사람,횡단중,발생건수,2010,21788
차대사람,횡단중,사망자수,2010,1063
차대사람,횡단중,부상자수,2010,22082
차대사람,차도통행중,발생건수,2010,5591
차대사람,차도통행중,사망자수,2010,263
차대사람,차도통행중,부상자수,2010,5590
차대사람,길가장자리구역통행중,발생건수,2010,4237
차대사람,길가장자리구역통행중,사망자수,2010,145
차대사람,길가장자리구역통행중,부상자수,2010,4365
차대사람,보도통행중,발생건수,2010,2913
차대사람,보도통행중,사망자수,2010,83
차대사람,보도통행중,부상자수,2010,3069
차대사람,기타,발생건수,2010,14824
차대사람,기타,사망자수,2010,456
차대사람,기타,부상자수,2010,15290
차대차,합계,발생건수,2010,167035
차대차,합계,사망자수,2010,2402
차대차,합계,부상자수,2010,288402
차대차,후진중충돌,발생건수,2010,NA
차대차,후진중충돌,사망자수,2010,NA
차대차,후진중충돌,부상자수,2010,NA
차대차,진행중 추돌,발생건수,2010,27581
차대차,진행중 추돌,사망자수,2010,417
차대차,진행중 추돌,부상자수,2010,51655
차대차,주정차중 추돌,발생건수,2010,24013
차대차,주정차중 추돌,사망자수,2010,274
차대차,주정차중 추돌,부상자수,2010,47565
차대차,정면충돌,발생건수,2010,10114
차대차,정면충돌,사망자수,2010,450
차대차,정면충돌,부상자수,2010,19108
차대차,측면충돌,발생건수,2010,86156
차대차,측면충돌,사망자수,2010,967
차대차,측면충돌,부상자수,2010,141415
차대차,추돌,발생건수,2010,NA
차대차,추돌,사망자수,2010,NA
차대차,추돌,부상자수,2010,NA
차대차,기타,발생건수,2010,19171
차대차,기타,사망자수,2010,294
차대차,기타,부상자수,2010,28659
차량단독,합계,발생건수,2010,10482
차량단독,합계,사망자수,2010,1090
차량단독,합계,부상자수,2010,13648
차량단독,공작물충돌,발생건수,2010,4624
차량단독,공작물충돌,사망자수,2010,615
차량단독,공작물충돌,부상자수,2010,6376
차량단독,주/정차차량 충돌,발생건수,2010,101
차량단독,주/정차차량 충돌,사망자수,2010,20
차량단독,주/정차차량 충돌,부상자수,2010,145
차량단독,도로이탈 추락,발생건수,2010,488
차량단독,도로이탈 추락,사망자수,2010,114
차량단독,도로이탈 추락,부상자수,2010,770
차량단독,도로이탈 기타,발생건수,2010,391
차량단독,도로이탈 기타,사망자수,2010,56
차량단독,도로이탈 기타,부상자수,2010,585
차량단독,기타,발생건수,2010,3747
차량단독,기타,사망자수,2010,143
차량단독,기타,부상자수,2010,4253
차량단독,전도,발생건수,2010,NA
차량단독,전도,사망자수,2010,NA
차량단독,전도,부상자수,2010,NA
차량단독,전복,발생건수,2010,NA
차량단독,전복,사망자수,2010,NA
차량단독,전복,부상자수,2010,NA
차량단독,전도전복,발생건수,2010,1131
차량단독,전도전복,사망자수,2010,142
차량단독,전도전복,부상자수,2010,1519
철길건널목,합계,발생건수,2010,8
철길건널목,합계,사망자수,2010,3
철길건널목,합계,부상자수,2010,12
철길건널목,철길건널목,발생건수,2010,NA
철길건널목,철길건널목,사망자수,2010,NA
철길건널목,철길건널목,부상자수,2010,NA
철길건널목,차단기돌파,발생건수,2010,4
철길건널목,차단기돌파,사망자수,2010,1
철길건널목,차단기돌파,부상자수,2010,9
철길건널목,경보기 무시,발생건수,2010,3
철길건널목,경보기 무시,사망자수,2010,2
철길건널목,경보기 무시,부상자수,2010,2
철길건널목,직전진행,발생건수,2010,NA
철길건널목,직전진행,사망자수,2010,NA
철길건널목,직전진행,부상자수,2010,NA
철길건널목,기타,발생건수,2010,1
철길건널목,기타,사망자수,2010,0
철길건널목,기타,부상자수,2010,1
합계,합계,발생건수,2011,221711
합계,합계,사망자수,2011,5229
합계,합계,부상자수,2011,341391
차대사람,합계,발생건수,2011,49701
차대사람,합계,사망자수,2011,1998
차대사람,합계,부상자수,2011,50907
차대사람,횡단중,발생건수,2011,20205
차대사람,횡단중,사망자수,2011,1028
차대사람,횡단중,부상자수,2011,20502
차대사람,차도통행중,발생건수,2011,4585
차대사람,차도통행중,사망자수,2011,212
차대사람,차도통행중,부상자수,2011,4617
차대사람,길가장자리구역통행중,발생건수,2011,4093
차대사람,길가장자리구역통행중,사망자수,2011,121
차대사람,길가장자리구역통행중,부상자수,2011,4197
차대사람,보도통행중,발생건수,2011,2579
차대사람,보도통행중,사망자수,2011,66
차대사람,보도통행중,부상자수,2011,2750
차대사람,기타,발생건수,2011,18239
차대사람,기타,사망자수,2011,571
차대사람,기타,부상자수,2011,18841
차대차,합계,발생건수,2011,161681
차대차,합계,사망자수,2011,2097
차대차,합계,부상자수,2011,277190
차대차,후진중충돌,발생건수,2011,NA
차대차,후진중충돌,사망자수,2011,NA
차대차,후진중충돌,부상자수,2011,NA
차대차,진행중 추돌,발생건수,2011,25924
차대차,진행중 추돌,사망자수,2011,335
차대차,진행중 추돌,부상자수,2011,48703
차대차,주정차중 추돌,발생건수,2011,22597
차대차,주정차중 추돌,사망자수,2011,216
차대차,주정차중 추돌,부상자수,2011,44563
차대차,정면충돌,발생건수,2011,8266
차대차,정면충돌,사망자수,2011,344
차대차,정면충돌,부상자수,2011,15814
차대차,측면충돌,발생건수,2011,76556
차대차,측면충돌,사망자수,2011,855
차대차,측면충돌,부상자수,2011,125327
차대차,추돌,발생건수,2011,NA
차대차,추돌,사망자수,2011,NA
차대차,추돌,부상자수,2011,NA
차대차,기타,발생건수,2011,28338
차대차,기타,사망자수,2011,347
차대차,기타,부상자수,2011,42783
차량단독,합계,발생건수,2011,10319
차량단독,합계,사망자수,2011,1128
차량단독,합계,부상자수,2011,13289
차량단독,공작물충돌,발생건수,2011,4602
차량단독,공작물충돌,사망자수,2011,626
차량단독,공작물충돌,부상자수,2011,6273
차량단독,주/정차차량 충돌,발생건수,2011,44
차량단독,주/정차차량 충돌,사망자수,2011,8
차량단독,주/정차차량 충돌,부상자수,2011,49
차량단독,도로이탈 추락,발생건수,2011,584
차량단독,도로이탈 추락,사망자수,2011,145
차량단독,도로이탈 추락,부상자수,2011,911
차량단독,도로이탈 기타,발생건수,2011,304
차량단독,도로이탈 기타,사망자수,2011,51
차량단독,도로이탈 기타,부상자수,2011,405
차량단독,기타,발생건수,2011,3907
차량단독,기타,사망자수,2011,170
차량단독,기타,부상자수,2011,4475
차량단독,전도,발생건수,2011,NA
차량단독,전도,사망자수,2011,NA
차량단독,전도,부상자수,2011,NA
차량단독,전복,발생건수,2011,NA
차량단독,전복,사망자수,2011,NA
차량단독,전복,부상자수,2011,NA
차량단독,전도전복,발생건수,2011,878
차량단독,전도전복,사망자수,2011,128
차량단독,전도전복,부상자수,2011,1176
철길건널목,합계,발생건수,2011,10
철길건널목,합계,사망자수,2011,6
철길건널목,합계,부상자수,2011,5
철길건널목,철길건널목,발생건수,2011,NA
철길건널목,철길건널목,사망자수,2011,NA
철길건널목,철길건널목,부상자수,2011,NA
철길건널목,차단기돌파,발생건수,2011,5
철길건널목,차단기돌파,사망자수,2011,4
철길건널목,차단기돌파,부상자수,2011,1
철길건널목,경보기 무시,발생건수,2011,1
철길건널목,경보기 무시,사망자수,2011,0
철길건널목,경보기 무시,부상자수,2011,2
철길건널목,직전진행,발생건수,2011,1
철길건널목,직전진행,사망자수,2011,0
철길건널목,직전진행,부상자수,2011,1
철길건널목,기타,발생건수,2011,3
철길건널목,기타,사망자수,2011,2
철길건널목,기타,부상자수,2011,1
합계,합계,발생건수,2012,223656
합계,합계,사망자수,2012,5392
합계,합계,부상자수,2012,344565
차대사람,합계,발생건수,2012,50111
차대사람,합계,사망자수,2012,1977
차대사람,합계,부상자수,2012,51462
차대사람,횡단중,발생건수,2012,19537
차대사람,횡단중,사망자수,2012,1003
차대사람,횡단중,부상자수,2012,19873
차대사람,차도통행중,발생건수,2012,3904
차대사람,차도통행중,사망자수,2012,174
차대사람,차도통행중,부상자수,2012,3964
차대사람,길가장자리구역통행중,발생건수,2012,3577
차대사람,길가장자리구역통행중,사망자수,2012,94
차대사람,길가장자리구역통행중,부상자수,2012,3699
차대사람,보도통행중,발생건수,2012,2399
차대사람,보도통행중,사망자수,2012,83
차대사람,보도통행중,부상자수,2012,2539
차대사람,기타,발생건수,2012,20694
차대사람,기타,사망자수,2012,623
차대사람,기타,부상자수,2012,21387
차대차,합계,발생건수,2012,162455
차대차,합계,사망자수,2012,2156
차대차,합계,부상자수,2012,278851
차대차,후진중충돌,발생건수,2012,NA
차대차,후진중충돌,사망자수,2012,NA
차대차,후진중충돌,부상자수,2012,NA
차대차,진행중 추돌,발생건수,2012,26841
차대차,진행중 추돌,사망자수,2012,358
차대차,진행중 추돌,부상자수,2012,50078
차대차,주정차중 추돌,발생건수,2012,21727
차대차,주정차중 추돌,사망자수,2012,235
차대차,주정차중 추돌,부상자수,2012,43011
차대차,정면충돌,발생건수,2012,7174
차대차,정면충돌,사망자수,2012,329
차대차,정면충돌,부상자수,2012,13722
차대차,측면충돌,발생건수,2012,68131
차대차,측면충돌,사망자수,2012,779
차대차,측면충돌,부상자수,2012,112437
차대차,추돌,발생건수,2012,NA
차대차,추돌,사망자수,2012,NA
차대차,추돌,부상자수,2012,NA
차대차,기타,발생건수,2012,38582
차대차,기타,사망자수,2012,455
차대차,기타,부상자수,2012,59603
차량단독,합계,발생건수,2012,11081
차량단독,합계,사망자수,2012,1256
차량단독,합계,부상자수,2012,14240
차량단독,공작물충돌,발생건수,2012,4636
차량단독,공작물충돌,사망자수,2012,621
차량단독,공작물충돌,부상자수,2012,6307
차량단독,주/정차차량 충돌,발생건수,2012,29
차량단독,주/정차차량 충돌,사망자수,2012,3
차량단독,주/정차차량 충돌,부상자수,2012,31
차량단독,도로이탈 추락,발생건수,2012,508
차량단독,도로이탈 추락,사망자수,2012,126
차량단독,도로이탈 추락,부상자수,2012,878
차량단독,도로이탈 기타,발생건수,2012,375
차량단독,도로이탈 기타,사망자수,2012,63
차량단독,도로이탈 기타,부상자수,2012,514
차량단독,기타,발생건수,2012,4056
차량단독,기타,사망자수,2012,172
차량단독,기타,부상자수,2012,4622
차량단독,전도,발생건수,2012,NA
차량단독,전도,사망자수,2012,NA
차량단독,전도,부상자수,2012,NA
차량단독,전복,발생건수,2012,NA
차량단독,전복,사망자수,2012,NA
차량단독,전복,부상자수,2012,NA
차량단독,전도전복,발생건수,2012,1477
차량단독,전도전복,사망자수,2012,271
차량단독,전도전복,부상자수,2012,1888
철길건널목,합계,발생건수,2012,9
철길건널목,합계,사망자수,2012,3
철길건널목,합계,부상자수,2012,12
철길건널목,철길건널목,발생건수,2012,NA
철길건널목,철길건널목,사망자수,2012,NA
철길건널목,철길건널목,부상자수,2012,NA
철길건널목,차단기돌파,발생건수,2012,1
철길건널목,차단기돌파,사망자수,2012,2
철길건널목,차단기돌파,부상자수,2012,1
철길건널목,경보기 무시,발생건수,2012,3
철길건널목,경보기 무시,사망자수,2012,1
철길건널목,경보기 무시,부상자수,2012,4
철길건널목,직전진행,발생건수,2012,NA
철길건널목,직전진행,사망자수,2012,NA
철길건널목,직전진행,부상자수,2012,NA
철길건널목,기타,발생건수,2012,5
철길건널목,기타,사망자수,2012,0
철길건널목,기타,부상자수,2012,7
합계,합계,발생건수,2013,215354
합계,합계,사망자수,2013,5092
합계,합계,부상자수,2013,328711
차대사람,합계,발생건수,2013,49130
차대사람,합계,사망자수,2013,1928
차대사람,합계,부상자수,2013,50235
차대사람,횡단중,발생건수,2013,18165
차대사람,횡단중,사망자수,2013,922
차대사람,횡단중,부상자수,2013,18452
차대사람,차도통행중,발생건수,2013,3335
차대사람,차도통행중,사망자수,2013,162
차대사람,차도통행중,부상자수,2013,3339
차대사람,길가장자리구역통행중,발생건수,2013,3119
차대사람,길가장자리구역통행중,사망자수,2013,89
차대사람,길가장자리구역통행중,부상자수,2013,3191
차대사람,보도통행중,발생건수,2013,2216
차대사람,보도통행중,사망자수,2013,58
차대사람,보도통행중,부상자수,2013,2327
차대사람,기타,발생건수,2013,22295
차대사람,기타,사망자수,2013,697
차대사람,기타,부상자수,2013,22926
차대차,합계,발생건수,2013,155256
차대차,합계,사망자수,2013,1933
차대차,합계,부상자수,2013,264795
차대차,후진중충돌,발생건수,2013,NA
차대차,후진중충돌,사망자수,2013,NA
차대차,후진중충돌,부상자수,2013,NA
차대차,진행중 추돌,발생건수,2013,24381
차대차,진행중 추돌,사망자수,2013,341
차대차,진행중 추돌,부상자수,2013,45829
차대차,주정차중 추돌,발생건수,2013,18824
차대차,주정차중 추돌,사망자수,2013,195
차대차,주정차중 추돌,부상자수,2013,37194
차대차,정면충돌,발생건수,2013,6330
차대차,정면충돌,사망자수,2013,280
차대차,정면충돌,부상자수,2013,12118
차대차,측면충돌,발생건수,2013,60806
차대차,측면충돌,사망자수,2013,592
차대차,측면충돌,부상자수,2013,99847
차대차,추돌,발생건수,2013,NA
차대차,추돌,사망자수,2013,NA
차대차,추돌,부상자수,2013,NA
차대차,기타,발생건수,2013,44915
차대차,기타,사망자수,2013,525
차대차,기타,부상자수,2013,69807
차량단독,합계,발생건수,2013,10964
차량단독,합계,사망자수,2013,1228
차량단독,합계,부상자수,2013,13678
차량단독,공작물충돌,발생건수,2013,4500
차량단독,공작물충돌,사망자수,2013,577
차량단독,공작물충돌,부상자수,2013,5958
차량단독,주/정차차량 충돌,발생건수,2013,27
차량단독,주/정차차량 충돌,사망자수,2013,2
차량단독,주/정차차량 충돌,부상자수,2013,28
차량단독,도로이탈 추락,발생건수,2013,443
차량단독,도로이탈 추락,사망자수,2013,139
차량단독,도로이탈 추락,부상자수,2013,540
차량단독,도로이탈 기타,발생건수,2013,345
차량단독,도로이탈 기타,사망자수,2013,54
차량단독,도로이탈 기타,부상자수,2013,498
차량단독,기타,발생건수,2013,4115
차량단독,기타,사망자수,2013,189
차량단독,기타,부상자수,2013,4664
차량단독,전도,발생건수,2013,NA
차량단독,전도,사망자수,2013,NA
차량단독,전도,부상자수,2013,NA
차량단독,전복,발생건수,2013,NA
차량단독,전복,사망자수,2013,NA
차량단독,전복,부상자수,2013,NA
차량단독,전도전복,발생건수,2013,1534
차량단독,전도전복,사망자수,2013,267
차량단독,전도전복,부상자수,2013,1990
철길건널목,합계,발생건수,2013,4
철길건널목,합계,사망자수,2013,3
철길건널목,합계,부상자수,2013,3
철길건널목,철길건널목,발생건수,2013,NA
철길건널목,철길건널목,사망자수,2013,NA
철길건널목,철길건널목,부상자수,2013,NA
철길건널목,차단기돌파,발생건수,2013,1
철길건널목,차단기돌파,사망자수,2013,0
철길건널목,차단기돌파,부상자수,2013,1
철길건널목,경보기 무시,발생건수,2013,NA
철길건널목,경보기 무시,사망자수,2013,NA
철길건널목,경보기 무시,부상자수,2013,NA
철길건널목,직전진행,발생건수,2013,1
철길건널목,직전진행,사망자수,2013,2
철길건널목,직전진행,부상자수,2013,1
철길건널목,기타,발생건수,2013,2
철길건널목,기타,사망자수,2013,1
철길건널목,기타,부상자수,2013,1
합계,합계,발생건수,2014,223552
합계,합계,사망자수,2014,4762
합계,합계,부상자수,2014,337497
차대사람,합계,발생건수,2014,50315
차대사람,합계,사망자수,2014,1843
차대사람,합계,부상자수,2014,51590
차대사람,횡단중,발생건수,2014,17544
차대사람,횡단중,사망자수,2014,883
차대사람,횡단중,부상자수,2014,17838
차대사람,차도통행중,발생건수,2014,3059
차대사람,차도통행중,사망자수,2014,146
차대사람,차도통행중,부상자수,2014,3061
차대사람,길가장자리구역통행중,발생건수,2014,2872
차대사람,길가장자리구역통행중,사망자수,2014,80
차대사람,길가장자리구역통행중,부상자수,2014,2950
차대사람,보도통행중,발생건수,2014,2188
차대사람,보도통행중,사망자수,2014,45
차대사람,보도통행중,부상자수,2014,2365
차대사람,기타,발생건수,2014,24652
차대사람,기타,사망자수,2014,689
차대사람,기타,부상자수,2014,25376
차대차,합계,발생건수,2014,162181
차대차,합계,사망자수,2014,1914
차대차,합계,부상자수,2014,272147
차대차,후진중충돌,발생건수,2014,NA
차대차,후진중충돌,사망자수,2014,NA
차대차,후진중충돌,부상자수,2014,NA
차대차,진행중 추돌,발생건수,2014,24783
차대차,진행중 추돌,사망자수,2014,309
차대차,진행중 추돌,부상자수,2014,45760
차대차,주정차중 추돌,발생건수,2014,18245
차대차,주정차중 추돌,사망자수,2014,195
차대차,주정차중 추돌,부상자수,2014,35650
차대차,정면충돌,발생건수,2014,5840
차대차,정면충돌,사망자수,2014,259
차대차,정면충돌,부상자수,2014,11087
차대차,측면충돌,발생건수,2014,56935
차대차,측면충돌,사망자수,2014,555
차대차,측면충돌,부상자수,2014,92300
차대차,추돌,발생건수,2014,NA
차대차,추돌,사망자수,2014,NA
차대차,추돌,부상자수,2014,NA
차대차,기타,발생건수,2014,56378
차대차,기타,사망자수,2014,596
차대차,기타,부상자수,2014,87350
차량단독,합계,발생건수,2014,11054
차량단독,합계,사망자수,2014,1005
차량단독,합계,부상자수,2014,13758
차량단독,공작물충돌,발생건수,2014,4292
차량단독,공작물충돌,사망자수,2014,462
차량단독,공작물충돌,부상자수,2014,5783
차량단독,주/정차차량 충돌,발생건수,2014,28
차량단독,주/정차차량 충돌,사망자수,2014,5
차량단독,주/정차차량 충돌,부상자수,2014,33
차량단독,도로이탈 추락,발생건수,2014,385
차량단독,도로이탈 추락,사망자수,2014,102
차량단독,도로이탈 추락,부상자수,2014,506
차량단독,도로이탈 기타,발생건수,2014,288
차량단독,도로이탈 기타,사망자수,2014,42
차량단독,도로이탈 기타,부상자수,2014,394
차량단독,기타,발생건수,2014,4503
차량단독,기타,사망자수,2014,168
차량단독,기타,부상자수,2014,4994
차량단독,전도,발생건수,2014,NA
차량단독,전도,사망자수,2014,NA
차량단독,전도,부상자수,2014,NA
차량단독,전복,발생건수,2014,NA
차량단독,전복,사망자수,2014,NA
차량단독,전복,부상자수,2014,NA
차량단독,전도전복,발생건수,2014,1558
차량단독,전도전복,사망자수,2014,226
차량단독,전도전복,부상자수,2014,2048
철길건널목,합계,발생건수,2014,2
철길건널목,합계,사망자수,2014,0
철길건널목,합계,부상자수,2014,2
철길건널목,철길건널목,발생건수,2014,NA
철길건널목,철길건널목,사망자수,2014,NA
철길건널목,철길건널목,부상자수,2014,NA
철길건널목,차단기돌파,발생건수,2014,NA
철길건널목,차단기돌파,사망자수,2014,NA
철길건널목,차단기돌파,부상자수,2014,NA
철길건널목,경보기 무시,발생건수,2014,NA
철길건널목,경보기 무시,사망자수,2014,NA
철길건널목,경보기 무시,부상자수,2014,NA
철길건널목,직전진행,발생건수,2014,NA
철길건널목,직전진행,사망자수,2014,NA
철길건널목,직전진행,부상자수,2014,NA
철길건널목,기타,발생건수,2014,2
철길건널목,기타,사망자수,2014,0
철길건널목,기타,부상자수,2014,2
합계,합계,발생건수,2015,232035
합계,합계,사망자수,2015,4621
합계,합계,부상자수,2015,350400
차대사람,합계,발생건수,2015,50980
차대사람,합계,사망자수,2015,1764
차대사람,합계,부상자수,2015,52270
차대사람,횡단중,발생건수,2015,21913
차대사람,횡단중,사망자수,2015,954
차대사람,횡단중,부상자수,2015,22393
차대사람,차도통행중,발생건수,2015,4377
차대사람,차도통행중,사망자수,2015,183
차대사람,차도통행중,부상자수,2015,4423
차대사람,길가장자리구역통행중,발생건수,2015,4567
차대사람,길가장자리구역통행중,사망자수,2015,134
차대사람,길가장자리구역통행중,부상자수,2015,4628
차대사람,보도통행중,발생건수,2015,2668
차대사람,보도통행중,사망자수,2015,47
차대사람,보도통행중,부상자수,2015,2829
차대사람,기타,발생건수,2015,17455
차대사람,기타,사망자수,2015,446
차대사람,기타,부상자수,2015,17997
차대차,합계,발생건수,2015,169471
차대차,합계,사망자수,2015,1934
차대차,합계,부상자수,2015,283982
차대차,후진중충돌,발생건수,2015,NA
차대차,후진중충돌,사망자수,2015,NA
차대차,후진중충돌,부상자수,2015,NA
차대차,진행중 추돌,발생건수,2015,28349
차대차,진행중 추돌,사망자수,2015,354
차대차,진행중 추돌,부상자수,2015,52070
차대차,주정차중 추돌,발생건수,2015,18808
차대차,주정차중 추돌,사망자수,2015,192
차대차,주정차중 추돌,부상자수,2015,36502
차대차,정면충돌,발생건수,2015,14488
차대차,정면충돌,사망자수,2015,355
차대차,정면충돌,부상자수,2015,25614
차대차,측면충돌,발생건수,2015,65498
차대차,측면충돌,사망자수,2015,604
차대차,측면충돌,부상자수,2015,104991
차대차,추돌,발생건수,2015,NA
차대차,추돌,사망자수,2015,NA
차대차,추돌,부상자수,2015,NA
차대차,기타,발생건수,2015,42328
차대차,기타,사망자수,2015,429
차대차,기타,부상자수,2015,64805
차량단독,합계,발생건수,2015,11579
차량단독,합계,사망자수,2015,922
차량단독,합계,부상자수,2015,14143
차량단독,공작물충돌,발생건수,2015,4615
차량단독,공작물충돌,사망자수,2015,469
차량단독,공작물충돌,부상자수,2015,6068
차량단독,주/정차차량 충돌,발생건수,2015,14
차량단독,주/정차차량 충돌,사망자수,2015,0
차량단독,주/정차차량 충돌,부상자수,2015,15
차량단독,도로이탈 추락,발생건수,2015,418
차량단독,도로이탈 추락,사망자수,2015,76
차량단독,도로이탈 추락,부상자수,2015,553
차량단독,도로이탈 기타,발생건수,2015,340
차량단독,도로이탈 기타,사망자수,2015,41
차량단독,도로이탈 기타,부상자수,2015,508
차량단독,기타,발생건수,2015,4004
차량단독,기타,사망자수,2015,104
차량단독,기타,부상자수,2015,4371
차량단독,전도,발생건수,2015,NA
차량단독,전도,사망자수,2015,NA
차량단독,전도,부상자수,2015,NA
차량단독,전복,발생건수,2015,NA
차량단독,전복,사망자수,2015,NA
차량단독,전복,부상자수,2015,NA
차량단독,전도전복,발생건수,2015,2188
차량단독,전도전복,사망자수,2015,232
차량단독,전도전복,부상자수,2015,2628
철길건널목,합계,발생건수,2015,5
철길건널목,합계,사망자수,2015,1
철길건널목,합계,부상자수,2015,5
철길건널목,철길건널목,발생건수,2015,NA
철길건널목,철길건널목,사망자수,2015,NA
철길건널목,철길건널목,부상자수,2015,NA
철길건널목,차단기돌파,발생건수,2015,3
철길건널목,차단기돌파,사망자수,2015,1
철길건널목,차단기돌파,부상자수,2015,2
철길건널목,경보기 무시,발생건수,2015,1
철길건널목,경보기 무시,사망자수,2015,0
철길건널목,경보기 무시,부상자수,2015,2
철길건널목,직전진행,발생건수,2015,NA
철길건널목,직전진행,사망자수,2015,NA
철길건널목,직전진행,부상자수,2015,NA
철길건널목,기타,발생건수,2015,1
철길건널목,기타,사망자수,2015,0
철길건널목,기타,부상자수,2015,1
합계,합계,발생건수,2016,220917
합계,합계,사망자수,2016,4292
합계,합계,부상자수,2016,331720
차대사람,합계,발생건수,2016,48489
차대사람,합계,사망자수,2016,1662
차대사람,합계,부상자수,2016,49745
차대사람,횡단중,발생건수,2016,26823
차대사람,횡단중,사망자수,2016,1085
차대사람,횡단중,부상자수,2016,27431
차대사람,차도통행중,발생건수,2016,3622
차대사람,차도통행중,사망자수,2016,146
차대사람,차도통행중,부상자수,2016,3653
차대사람,길가장자리구역통행중,발생건수,2016,3544
차대사람,길가장자리구역통행중,사망자수,2016,65
차대사람,길가장자리구역통행중,부상자수,2016,3627
차대사람,보도통행중,발생건수,2016,1627
차대사람,보도통행중,사망자수,2016,31
차대사람,보도통행중,부상자수,2016,1726
차대사람,기타,발생건수,2016,12873
차대사람,기타,사망자수,2016,335
차대사람,기타,부상자수,2016,13308
차대차,합계,발생건수,2016,162009
차대차,합계,사망자수,2016,1766
차대차,합계,부상자수,2016,269269
차대차,후진중충돌,발생건수,2016,NA
차대차,후진중충돌,사망자수,2016,NA
차대차,후진중충돌,부상자수,2016,NA
차대차,진행중 추돌,발생건수,2016,41023
차대차,진행중 추돌,사망자수,2016,483
차대차,진행중 추돌,부상자수,2016,76935
차대차,주정차중 추돌,발생건수,2016,NA
차대차,주정차중 추돌,사망자수,2016,NA
차대차,주정차중 추돌,부상자수,2016,NA
차대차,정면충돌,발생건수,2016,19498
차대차,정면충돌,사망자수,2016,345
차대차,정면충돌,부상자수,2016,34011
차대차,측면충돌,발생건수,2016,73397
차대차,측면충돌,사망자수,2016,647
차대차,측면충돌,부상자수,2016,116959
차대차,추돌,발생건수,2016,NA
차대차,추돌,사망자수,2016,NA
차대차,추돌,부상자수,2016,NA
차대차,기타,발생건수,2016,28091
차대차,기타,사망자수,2016,291
차대차,기타,부상자수,2016,41364
차량단독,합계,발생건수,2016,10413
차량단독,합계,사망자수,2016,864
차량단독,합계,부상자수,2016,12698
차량단독,공작물충돌,발생건수,2016,2160
차량단독,공작물충돌,사망자수,2016,239
차량단독,공작물충돌,부상자수,2016,2944
차량단독,주/정차차량 충돌,발생건수,2016,36
차량단독,주/정차차량 충돌,사망자수,2016,1
차량단독,주/정차차량 충돌,부상자수,2016,41
차량단독,도로이탈 추락,발생건수,2016,126
차량단독,도로이탈 추락,사망자수,2016,30
차량단독,도로이탈 추락,부상자수,2016,170
차량단독,도로이탈 기타,발생건수,2016,137
차량단독,도로이탈 기타,사망자수,2016,16
차량단독,도로이탈 기타,부상자수,2016,232
차량단독,기타,발생건수,2016,3100
차량단독,기타,사망자수,2016,78
차량단독,기타,부상자수,2016,3479
차량단독,전도,발생건수,2016,NA
차량단독,전도,사망자수,2016,NA
차량단독,전도,부상자수,2016,NA
차량단독,전복,발생건수,2016,NA
차량단독,전복,사망자수,2016,NA
차량단독,전복,부상자수,2016,NA
차량단독,전도전복,발생건수,2016,4854
차량단독,전도전복,사망자수,2016,500
차량단독,전도전복,부상자수,2016,5832
철길건널목,합계,발생건수,2016,6
철길건널목,합계,사망자수,2016,0
철길건널목,합계,부상자수,2016,8
철길건널목,철길건널목,발생건수,2016,NA
철길건널목,철길건널목,사망자수,2016,NA
철길건널목,철길건널목,부상자수,2016,NA
철길건널목,차단기돌파,발생건수,2016,NA
철길건널목,차단기돌파,사망자수,2016,NA
철길건널목,차단기돌파,부상자수,2016,NA
철길건널목,경보기 무시,발생건수,2016,NA
철길건널목,경보기 무시,사망자수,2016,NA
철길건널목,경보기 무시,부상자수,2016,NA
철길건널목,직전진행,발생건수,2016,NA
철길건널목,직전진행,사망자수,2016,NA
철길건널목,직전진행,부상자수,2016,NA
철길건널목,기타,발생건수,2016,6
철길건널목,기타,사망자수,2016,0
철길건널목,기타,부상자수,2016,8
합계,합계,발생건수,2017,216335
합계,합계,사망자수,2017,4185
합계,합계,부상자수,2017,322829
차대사람,합계,발생건수,2017,46728
차대사람,합계,사망자수,2017,1617
차대사람,합계,부상자수,2017,47827
차대사람,횡단중,발생건수,2017,25381
차대사람,횡단중,사망자수,2017,974
차대사람,횡단중,부상자수,2017,26001
차대사람,차도통행중,발생건수,2017,3747
차대사람,차도통행중,사망자수,2017,193
차대사람,차도통행중,부상자수,2017,3714
차대사람,길가장자리구역통행중,발생건수,2017,3017
차대사람,길가장자리구역통행중,사망자수,2017,68
차대사람,길가장자리구역통행중,부상자수,2017,3075
차대사람,보도통행중,발생건수,2017,1621
차대사람,보도통행중,사망자수,2017,36
차대사람,보도통행중,부상자수,2017,1720
차대사람,기타,발생건수,2017,12962
차대사람,기타,사망자수,2017,346
차대사람,기타,부상자수,2017,13317
차대차,합계,발생건수,2017,160065
차대차,합계,사망자수,2017,1727
차대차,합계,부상자수,2017,263668
차대차,후진중충돌,발생건수,2017,1982
차대차,후진중충돌,사망자수,2017,7
차대차,후진중충돌,부상자수,2017,2710
차대차,진행중 추돌,발생건수,2017,NA
차대차,진행중 추돌,사망자수,2017,NA
차대차,진행중 추돌,부상자수,2017,NA
차대차,주정차중 추돌,발생건수,2017,NA
차대차,주정차중 추돌,사망자수,2017,NA
차대차,주정차중 추돌,부상자수,2017,NA
차대차,정면충돌,발생건수,2017,15112
차대차,정면충돌,사망자수,2017,312
차대차,정면충돌,부상자수,2017,25892
차대차,측면충돌,발생건수,2017,73857
차대차,측면충돌,사망자수,2017,687
차대차,측면충돌,부상자수,2017,117938
차대차,추돌,발생건수,2017,35560
차대차,추돌,사망자수,2017,439
차대차,추돌,부상자수,2017,67513
차대차,기타,발생건수,2017,33554
차대차,기타,사망자수,2017,282
차대차,기타,부상자수,2017,49615
차량단독,합계,발생건수,2017,9539
차량단독,합계,사망자수,2017,840
차량단독,합계,부상자수,2017,11331
차량단독,공작물충돌,발생건수,2017,2294
차량단독,공작물충돌,사망자수,2017,271
차량단독,공작물충돌,부상자수,2017,3006
차량단독,주/정차차량 충돌,발생건수,2017,13
차량단독,주/정차차량 충돌,사망자수,2017,2
차량단독,주/정차차량 충돌,부상자수,2017,14
차량단독,도로이탈 추락,발생건수,2017,196
차량단독,도로이탈 추락,사망자수,2017,51
차량단독,도로이탈 추락,부상자수,2017,222
차량단독,도로이탈 기타,발생건수,2017,144
차량단독,도로이탈 기타,사망자수,2017,21
차량단독,도로이탈 기타,부상자수,2017,162
차량단독,기타,발생건수,2017,3396
차량단독,기타,사망자수,2017,103
차량단독,기타,부상자수,2017,3805
차량단독,전도,발생건수,2017,1542
차량단독,전도,사망자수,2017,156
차량단독,전도,부상자수,2017,1826
차량단독,전복,발생건수,2017,98
차량단독,전복,사망자수,2017,17
차량단독,전복,부상자수,2017,129
차량단독,전도전복,발생건수,2017,1856
차량단독,전도전복,사망자수,2017,219
차량단독,전도전복,부상자수,2017,2167
철길건널목,합계,발생건수,2017,3
철길건널목,합계,사망자수,2017,1
철길건널목,합계,부상자수,2017,3
철길건널목,철길건널목,발생건수,2017,3
철길건널목,철길건널목,사망자수,2017,1
철길건널목,철길건널목,부상자수,2017,3
철길건널목,차단기돌파,발생건수,2017,NA
철길건널목,차단기돌파,사망자수,2017,NA
철길건널목,차단기돌파,부상자수,2017,NA
철길건널목,경보기 무시,발생건수,2017,NA
철길건널목,경보기 무시,사망자수,2017,NA
철길건널목,경보기 무시,부상자수,2017,NA
철길건널목,직전진행,발생건수,2017,NA
철길건널목,직전진행,사망자수,2017,NA
철길건널목,직전진행,부상자수,2017,NA
철길건널목,기타,발생건수,2017,NA
철길건널목,기타,사망자수,2017,NA
철길건널목,기타,부상자수,2017,NA
